Player,POS,BODY FAT %,HAND LENGTH (inches),HAND WIDTH (inches),HEIGHT W/O SHOES,HEIGHT W/ SHOES,STANDING REACH,WEIGHT (LBS),WINGSPAN
A.J. Price,PG,12.40%,-,-,6' 0.5'',6' 2'',8' 1'',192.8,6' 3.75''
Aaron Brooks,PG,2.70%,-,-,5' 10'',5' 11.75'',7' 10'',161.0,6' 4''
Aaron Craft,PG,6.10%,7.75,8.50,6' 0.75'',6' 1.75'',7' 10.5'',191.6,6' 2''
Aaron Gordon,PF,5.05%,8.75,10.50,6' 7.5'',6' 8.75'',8' 9'',220.1,6' 11.75''
Aaron Gray,C,10.80%,-,-,7' 0'',7' 1.75'',9' 0.5'',271.0,7' 3.25''
Aaron Harrison,SG,6.00%,8.75,10.00,6' 4.5'',6' 6'',8' 4.5'',209.2,6' 8.25''
Aaron Holiday,PG,6.40%,8.75,8.50,5' 11.75'',6' 0.75'',8' 1'',187.0,6' 7.5''
Aaron Miles,PG,-%,-,-,6' 0'',6' 1.5'',7' 10'',174.6,6' 3.5''
Acie Law,PG,5.60%,-,-,6' 2'',6' 3.5'',8' 2'',186.0,6' 6.5''
Adam Morrison,SF,6.80%,-,-,6' 6.5'',6' 7.75'',8' 9'',198.0,6' 10''
Admiral Schofield,SF,6.80%,8.75,9.00,6' 4'',6' 5.25'',8' 6.5'',240.6,6' 9.75''
Adonis Thomas,SF,7.50%,9.25,9.50,6' 4.75'',6' 5.75'',8' 3'',231.8,7' 1''
Adreian Payne,PF,7.55%,9.25,9.50,6' 9'',6' 9.75'',9' 1'',238.5,7' 4''
Aerick Sanders,PF,6.70%,-,-,6' 6.5'',6' 7.5'',8' 10'',205.0,6' 11.5''
Al Horford,PF,9.10%,-,-,6' 8'',6' 9.75'',8' 11'',246.0,7' 0.75''
Al Jefferson,PF-SF,10.50%,-,-,6' 8.5'',6' 9.75'',9' 2'',263.0,7' 2.5''
Al Thornton,SF,5.80%,-,-,6' 5.75'',6' 7'',8' 8'',221.0,7' 1''
Al-Farouq Aminu,SF,8.20%,9.50,9.50,6' 7.25'',6' 8.5'',9' 0.5'',216.0,7' 3.25''
Alan Anderson,SG-SF,-%,-,-,6' 4.5'',6' 6'',8' 8'',223.2,6' 9.5''
Alan Williams,PF,12.00%,8.50,9.50,6' 7.25'',6' 8.25'',8' 10.5'',261.4,7' 1.75''
Alec Brown,PF,7.70%,9.25,8.75,7' 0.25'',7' 1.25'',9' 1'',231.2,7' 1.5''
Alec Burks,SG,5.10%,9.00,8.25,6' 5'',6' 6'',8' 7.5'',192.6,6' 10''
Alec Peters,PF,8.80%,8.75,10.00,6' 7.25'',6' 8.75'',8' 9'',232.0,6' 10.75''
Aleks Maric,C,10.10%,-,-,6' 9.75'',6' 10.75'',9' 1.5'',273.0,7' 1''
Aleksandar Capin,PG,9.30%,-,-,6' 0'',6' 1.25'',7' 10'',176.0,6' 1.5''
Ales Chan,C,14.80%,-,-,7' 0'',7' 2'',9' 5'',255.0,7' 3''
Alex Acker,SG,-%,-,-,6' 3.75'',6' 4.75'',8' 6.5'',183.0,7' 0''
Alex Kirk,PF,13.60%,9.25,10.50,6' 9.25'',6' 10.75'',9' 1.5'',252.0,7' 3.5''
Alex Len,C,6.40%,9.00,10.75,-,7' 3.5''
Ali Traore,C-PF,12.10%,-,-,6' 8.75'',6' 9.75'',9' 0.5'',249.0,7' 4''
Alize Johnson,PF,8.10%,8.50,9.75,6' 7.25'',6' 8'',8' 7'',216.6,6' 8.75''
Allan Ray,SG,9.80%,-,-,6' 1'',6' 2.25'',8' 3.5'',204.0,6' 8.5''
Allen Crabbe,SG,4.65%,8.25,8.50,6' 5.25'',6' 6.25'',8' 7.5'',197.4,6' 11.25''
Allonzo Trier,SG,4.95%,8.25,10.50,6' 3.75'',6' 5.25'',8' 2'',198.0,6' 6.75''
Andre Barrett,PG,6.70%,-,-,5' 8.75'',5' 9.75'',7' 8'',171.0,6' 1''
Andre Brown,PF-C,6.00%,-,-,6' 8'',6' 9.5'',8' 11'',236.0,6' 11''
Andre Drummond,C,7.50%,9.50,9.50,6' 9.75'',6' 11.75'',9' 1.5'',278.6,7' 6.25''
Andre Emmett,SG-SF,6.70%,-,-,6' 3.5'',6' 4.5'',8' 4'',216.0,6' 9''
Andre Iguodala,SG-SF,6.70%,-,-,6' 5.75'',6' 6.75'',8' 9.5'',217.0,6' 11''
Andre Roberson,PF-SF,7.05%,8.75,9.50,6' 6.25'',6' 7'',8' 8.5'',205.8,6' 11''
Andrew Bogut,C-PF,-%,-,-,6' 11'',7' 0.25'',9' 2.5'',250.6,7' 3''
Andrew Goudelock,PG,9.90%,8.25,9.25,6' 1.25'',6' 2.75'',8' 0.5'',197.6,6' 4.25''
Andrew Harrison,PG,5.90%,8.25,9.25,6' 4.5'',6' 5.5'',8' 4'',213.2,6' 9''
Andrew Nicholson,PF,7.60%,10.00,10.75,6' 8.5'',6' 9.5'',8' 11'',234.0,7' 4''
Andy Rautins,SG,6.20%,8.00,9.75,6' 4.25'',6' 5'',8' 4'',191.6,6' 7''
Anfernee Simons,SG-PG,7.70%,8.75,9.00,6' 2.25'',6' 3.25'',8' 3.5'',183.2,6' 9.25''
Antanas Kavaliauskas,PF,7.70%,-,-,6' 9'',6' 10.5'',8' 10.5'',237.0,6' 10.5''
Anthony Brown,SF-SG,6.10%,8.50,9.00,6' 5.75'',6' 7.25'',8' 8.5'',211.0,6' 11''
Anthony Davis,PF-C,7.90%,9.00,8.50,6' 9.25'',6' 10.5'',9' 0'',221.8,7' 5.5''
Anthony Randolph,PF-SF,4.70%,-,-,6' 9'',6' 10.25'',9' 1'',197.0,7' 3''
Anthony Roberson,PG,-%,-,-,6' 0.75'',6' 2.5'',7' 11'',178.8,6' 2.75''
Anthony Tolliver,PF,5.70%,-,-,6' 7'',6' 8.5'',8' 11.5'',242.0,7' 2.5''
Antoine Wright,SF-SG,-%,-,-,6' 5.25'',6' 6.25'',8' 8.5'',202.6,6' 8.75''
Antonio Burks,PG,9.90%,-,-,6' 0'',6' 0.75'',8' 0.5'',191.0,6' 6.5''
Antywane Robinson,SF-PF,6.90%,-,-,6' 6.25'',6' 7.5'',8' 9.5'',217.0,7' 2.5''
Archie Goodwin,SG,4.55%,8.50,9.00,6' 3.75'',6' 5.25'',8' 6'',189.0,6' 9.5''
Armon Johnson,PG-SG,5.60%,8.25,9.25,6' 2'',6' 3.25'',8' 3.5'',195.2,6' 8''
Arnett Moultrie,PF,7.70%,9.25,9.25,6' 9.5'',6' 10.75'',8' 10.5'',232.8,7' 2.25''
Arthur Johnson,PF-C,16.30%,-,-,6' 7'',6' 8.5'',9' 1'',262.0,7' 3''
Artsiom Parakhouski,C,6.00%,9.00,10.50,6' 10.25'',6' 11.75'',9' 1.5'',268.2,7' 1''
Austin Daye,SF-PF,5.50%,-,-,6' 9.75'',6' 10.75'',9' 2'',191.8,7' 2.75''
Austin Rivers,SG-PG,6.20%,8.50,10.00,6' 3.5'',6' 5'',8' 0.5'',202.8,6' 7.25''
Austin Wiley,C,5.00%,9.75,10.25,6' 8.25'',6' 10'',9' 3'',249.4,7' 5''
Avery Bradley,SG-PG,4.00%,8.25,9.50,6' 2'',6' 3.25'',8' 2.5'',180.4,6' 7.25''
Avis Wyatt,PF,3.30%,-,-,6' 8.75'',6' 9.5'',8' 11'',212.0,7' 1''
BJ Young,SG-PG,4.70%,8.50,9.50,6' 2.25'',6' 3.5'',8' 3'',178.8,6' 8.25''
Ben Bentil,PF,9.70%,9.50,10.00,6' 7.25'',6' 8.25'',8' 9'',229.2,7' 1.5''
Ben Gordon,PG-SG,5.30%,-,-,6' 1'',6' 2.25'',8' 3'',192.0,6' 8.5''
Ben McLemore,SG,5.00%,8.75,9.50,6' 3.5'',6' 4.75'',8' 4.5'',189.2,6' 7.75''
Beno Udrih,PG,9.30%,-,-,6' 2.5'',6' 3.75'',8' 2'',199.0,6' 4.5''
Bernard James,PF,5.00%,9.00,9.25,6' 8.75'',6' 10'',9' 0.5'',229.8,7' 3''
Bernard Robinson,SG-SF,6.00%,-,-,6' 5.25'',6' 6.5'',8' 6'',208.0,6' 10''
Billy Preston,PF,5.45%,9.25,9.50,6' 8.75'',6' 10.5'',9' 0'',222.4,7' 2''
Blagota Sekulic,SF-PF,9.30%,-,-,6' 9.25'',6' 10.5'',8' 11'',234.0,6' 11''
Blake Griffin,PF,8.20%,-,-,6' 8.5'',6' 10'',8' 9'',248.4,6' 11.25''
Blake Schilb,PG-SG,11.30%,-,-,6' 5.25'',6' 6.25'',8' 6'',209.0,6' 8.75''
Blake Schilb,SG,10.00%,-,-,6' 5'',6' 7'',8' 6.5'',214.0,6' 9''
Bobby Brown,PG,6.60%,-,-,5' 11'',6' 1.75'',7' 11.5'',170.0,6' 4''
Bobby Jones,SF-SG,8.00%,-,-,6' 5.75'',6' 6.75'',8' 5.5'',211.0,6' 9.5''
Bobby Portis,PF,8.90%,9.50,9.25,6' 9.5'',6' 10.5'',9' 0.5'',246.2,7' 2''
Bol Bol,C,7.10%,9.25,9.50,7' 0.75'',7' 2.5'',9' 7.5'',208.0,7' 7''
Bracey Wright,SG-PG,-%,-,-,6' 1.25'',6' 2.5'',8' 4.5'',186.8,6' 10''
Brad Buckman,PF,10.50%,-,-,6' 7.25'',6' 8.75'',8' 11.5'',238.0,7' 0''
Brad Newley,SG,8.00%,-,-,6' 5'',6' 6.5'',8' 6.5'',201.0,6' 8''
Bradley Beal,SG,6.00%,8.50,9.00,6' 3.25'',6' 4.75'',8' 4'',201.8,6' 8''
Brandan Wright,PF,5.80%,-,-,6' 8.75'',6' 10'',9' 0.5'',200.0,7' 3.75''
Branden Dawson,PF,5.80%,9.00,8.75,6' 5.5'',6' 6.75'',8' 9'',230.2,6' 11''
Brandon Ashley,PF,8.80%,9.00,9.50,6' 7.25'',6' 8.5'',8' 9'',228.0,7' 3.75''
Brandon Bass,PF,9.30%,-,-,6' 6.25'',6' 7.25'',8' 10.5'',246.0,7' 2.5''
Brandon Bowman,SF,8.40%,-,-,6' 6.75'',6' 8.25'',8' 7'',209.0,6' 11.5''
Brandon Clarke,SF,4.90%,8.25,9.50,6' 7.25'',6' 8.25'',8' 6'',207.2,6' 8.25''
Brandon Davies,PF,8.60%,9.00,11.00,6' 8.5'',6' 10.25'',9' 0.5'',241.8,7' 1.5''
Brandon Heath,PG,9.00%,-,-,6' 2'',6' 3.75'',7' 10'',181.0,6' 7''
Brandon Knight,PG,4.20%,8.25,9.50,6' 1.5'',6' 3.25'',8' 2.5'',176.8,6' 6.75''
Brandon McCoy,C,8.70%,9.75,9.50,6' 11.5'',7' 0.5'',9' 2.5'',250.4,7' 2''
Brandon Paul,SG,5.25%,8.50,9.50,6' 2.75'',6' 4'',8' 2'',201.0,6' 10.25''
Brandon Roy,SG-SF,7.60%,-,-,6' 5.25'',6' 6.25'',8' 5'',207.0,6' 8''
Brandon Rush,SG-SF,-%,-,-,6' 5'',6' 6.5'',8' 8.5'',211.4,6' 11.25''
Brian Boddicker,SF-PF,11.20%,-,-,6' 7.5'',6' 8.75'',8' 9.5'',230.0,6' 10''
Brian Bowen II,SF,6.50%,8.50,9.75,6' 6.25'',6' 7.5'',8' 7'',200.0,6' 10''
Brian Bowen,SG-SF,7.60%,9.00,10.00,6' 6.25'',6' 7.5'',8' 7.5'',202.0,6' 10.25''
Brian Butch,C-PF,10.80%,-,-,6' 9.5'',6' 11'',9' 0'',229.6,6' 11.25''
Brian Roberts,PG,3.60%,-,-,6' 0.25'',6' 1.25'',7' 11'',173.0,6' 1.25''
Brice Johnson,PF,7.50%,9.00,8.25,6' 9'',6' 10.5'',8' 10.5'',208.6,7' 0.5''
Brook Lopez,C,6.30%,-,-,6' 11.25'',7' 0.5'',9' 5'',258.0,7' 5.5''
Bruce Brown,SG-PG,3.75%,8.50,8.50,6' 3.5'',6' 5'',8' 2.5'',194.6,6' 9''
Bruno Fernando,C,5.25%,9.50,10.00,6' 8.75'',6' 9.75'',9' 1'',233.2,7' 4.25''
Bruno Fernando,C,5.40%,9.25,10.00,6' 8.75'',6' 10.25'',9' 2'',237.0,7' 3.25''
Bryant Matthews,SF-SG,6.70%,-,-,6' 5.75'',6' 6.75'',8' 9.5'',206.0,7' 0.5''
Bryce Taylor,SG,8.30%,-,-,6' 2.75'',6' 4.25'',8' 3.5'',210.0,6' 9''
Buddy Hield,SG,6.10%,8.50,9.00,6' 3.75'',6' 5'',8' 5'',212.4,6' 9.25''
Byron Mullens,C,8.50%,-,-,6' 11.75'',7' 1.25'',9' 3'',258.2,7' 1.5''
C.J. Fair,SF,5.05%,9.00,9.00,6' 6.5'',6' 8'',8' 8'',218.1,6' 9.5''
C.J. Wilcox,SG,6.50%,8.75,9.00,6' 3.5'',6' 5'',8' 4.5'',201.0,6' 9.75''
CJ Leslie,PF-SF,7.95%,8.75,9.00,6' 7.5'',6' 8.75'',8' 8.5'',209.2,7' 2.25''
CJ McCollum,PG-SG,8.60%,8.00,9.50,6' 2.25'',6' 3.25'',8' 0.5'',197.0,6' 6.25''
CJ Watson,PG,5.20%,-,-,6' 0.5'',6' 1.75'',8' 0'',171.0,6' 6''
Caleb Green,PF,10.90%,-,-,6' 6'',6' 8'',8' 7'',238.0,6' 11.75''
Caleb Martin,SF-SG,7.00%,8.50,8.75,6' 4.75'',6' 6'',8' 5.5'',195.8,6' 10''
Caleb Swanigan,PF,-%,9.50,10.25,6' 7.5'',6' 8.5'',9' 0'',245.6,7' 3''
Caleb Swanigan,PF,12.55%,9.00,10.25,6' 7.5'',6' 8.5'',8' 11'',246.6,7' 3.5''
Cameron Bairstow,PF,8.70%,8.75,9.00,6' 8.75'',6' 9.75'',8' 11'',252.4,7' 0.75''
Cameron Johnson,SG,5.80%,8.00,8.50,6' 7'',6' 8.5'',8' 7'',205.2,6' 10''
Cameron Oliver,PF,7.70%,9.50,10.25,6' 7'',6' 8.25'',8' 10.5'',238.6,7' 1.25''
Cameron Payne,PG,6.30%,8.50,8.25,6' 0.75'',6' 1.5'',8' 1.5'',182.8,6' 7.25''
Cameron Reddish,SF,4.70%,9.00,9.00,6' 6.5'',6' 8'',8' 9.5'',207.8,7' 0.5''
Caris LeVert,SG,7.55%,8.50,9.25,6' 5.75'',6' 7'',8' 5'',191.0,6' 10''
Carl Krauser,PG,8.00%,-,-,5' 11.75'',6' 0.75'',8' 1'',190.0,6' 6.25''
Carl Krauser,PG-SG,-%,-,-,5' 11.5'',6' 0.75'',8' 2.5'',193.4,6' 5.5''
Carl Landry,PF,7.50%,-,-,6' 7'',6' 8.5'',8' 6.5'',248.0,6' 11''
Carlos Powell,SF-PF,-%,-,-,6' 5.25'',6' 6.75'',8' 9'',221.8,6' 10.75''
Carrick Felix,SF-SG,3.30%,8.50,9.50,6' 4.75'',6' 6.25'',8' 7.5'',202.6,6' 9.25''
Carsen Edwards,PG,5.50%,8.75,9.00,5' 10.75'',6' 0.25'',7' 10.5'',199.4,6' 6''
Carsen Edwards,PG,6.30%,8.50,9.25,5' 10.75'',6' 0'',7' 10.5'',195.6,6' 6.25''
Cartier Martin,SF,5.60%,-,-,6' 4'',6' 6.5'',8' 7.5'',218.0,6' 10''
Cat Barber,PG,4.50%,8.00,8.50,6' 1.5'',6' 2.75'',7' 11.5'',173.0,6' 5.5''
Cedric Simmons,PF-C,5.60%,-,-,6' 8.25'',6' 9.5'',9' 0.5'',223.0,7' 4.25''
Chandler Parsons,SF,7.00%,8.25,10.00,6' 8.75'',6' 9.75'',8' 8.5'',221.2,6' 9.5''
Channing Frye,PF-C,-%,-,-,6' 9.5'',6' 10.5'',9' 2.5'',243.6,7' 2.5''
Charles Bassey,C,8.50%,9.25,9.50,6' 8.75'',6' 10'',9' 1.5'',239.0,7' 3.5''
Charles Garcia,SF,7.00%,8.75,9.00,6' 8.25'',6' 9.25'',8' 11.5'',231.6,7' 1.75''
Charles Hayes,SF-PF,-%,-,-,6' 5.5'',6' 6.75'',8' 8.5'',232.4,6' 10''
Charles Jenkins,PG-SG,4.30%,8.50,9.00,6' 1.5'',6' 3.25'',8' 0.5'',216.4,6' 7.5''
Charles Matthews,SG,3.80%,8.50,8.75,6' 5'',6' 6.25'',8' 7'',194.8,6' 9.5''
Charles Rhodes,PF,10.70%,-,-,6' 7.25'',6' 8.25'',8' 11.5'',244.0,6' 11.25''
Charlie Villanueva,PF-SF,-%,-,-,6' 9'',6' 9.5'',9' 1'',236.6,7' 0.25''
Chase Budinger,SF-SG,10.00%,-,-,6' 6.25'',6' 7'',8' 5'',206.4,6' 7''
Chasson Randle,PG,4.50%,8.50,9.50,6' 0.25'',6' 1.5'',8' 0.5'',178.8,6' 7''
Cheick Diallo,PF,5.60%,8.50,9.75,6' 7.5'',6' 9'',8' 11.5'',218.6,7' 4.5''
Chimezie Metu,PF-C,5.05%,9.00,9.25,6' 8.5'',6' 9.5'',9' 0'',219.6,7' 0.5''
Chinanu Onuaku,C,8.55%,9.00,8.00,6' 9'',6' 10'',9' 0.5'',245.2,7' 2.75''
Chris Boucher,PF,5.40%,9.25,10.50,6' 8'',6' 9.5'',9' 2.5'',182.2,7' 4''
Chris Daniels,C-PF,16.10%,-,-,6' 8.25'',6' 9.5'',9' 1'',256.0,7' 0.5''
Chris Duhon,PG,6.70%,-,-,6' 0'',6' 1.25'',8' 2'',193.0,6' 6.5''
Chris Garnett,C-PF,14.80%,-,-,6' 8.25'',6' 9.75'',9' 0'',260.0,7' 1''
Chris McCray,SG,9.60%,-,-,6' 3'',6' 4'',8' 0.5'',187.0,6' 5.75''
Chris McCullough,PF,6.20%,8.75,8.75,6' 8.25'',6' 9'',9' 1'',199.0,7' 3.25''
Chris Paul,PG,-%,-,-,5' 11.75'',6' 1'',7' 9'',178.0,6' 4.25''
Chris Quinn,PG-SG,5.90%,-,-,6' 0.5'',6' 1.5'',7' 10'',175.0,6' 5''
Chris Richard,PF,7.50%,-,-,6' 7'',6' 8.75'',9' 2.5'',252.0,7' 4.5''
Chris Singleton,SF,7.40%,9.25,10.00,6' 7.75'',6' 9'',8' 7.5'',230.2,7' 1''
Chris Taft,PF,-%,-,-,6' 8.5'',6' 9.5'',9' 1'',261.0,7' 1.75''
Chris Thomas,PG,-%,-,-,5' 11.75'',6' 1'',7' 11'',176.2,6' 3''
Chris Walker,PF,5.10%,9.00,9.00,6' 8.75'',6' 9.25'',9' 0'',208.0,7' 2.75''
Christian Wood,PF,14.70%,9.25,10.75,6' 9.25'',6' 10.5'',9' 3.5'',216.0,7' 3.25''
Cleanthony Early,SF,4.45%,8.50,9.00,6' 6'',6' 7.25'',8' 5.5'',209.4,6' 10.75''
Cliff Alexander,PF-C,5.80%,9.50,10.25,6' 7.25'',6' 8.5'',9' 1.5'',239.2,7' 3.5''
Coby Karl,SG-PG,5.40%,-,-,6' 3'',6' 4.75'',8' 3.5'',204.0,6' 11''
Coby White,PG,4.30%,7.75,9.00,6' 3.5'',6' 4.75'',8' 1.5'',191.4,6' 5''
Cody Martin,PG-SG,5.00%,8.25,9.00,6' 4.75'',6' 5.5'',8' 6.5'',192.2,6' 10.25''
Cody Martin,SG-SF,5.45%,8.50,9.00,6' 4.75'',6' 6'',8' 6.5'',188.6,6' 10.25''
Cody Zeller,C-PF,4.75%,8.50,10.50,6' 10.75'',7' 0.25'',8' 10'',230.0,6' 10.75''
Cole Aldrich,C,8.50%,9.00,9.25,6' 9'',6' 11.25'',9' 3.5'',236.0,7' 4.75''
Coleman Collins,PF,6.20%,-,-,6' 8'',6' 9.75'',8' 11'',236.0,7' 2''
Collin Sexton,PG,5.60%,8.25,8.50,6' 0.5'',6' 1.5'',8' 2.5'',183.0,6' 7.25''
Colton Iverson,C,9.60%,9.25,9.50,6' 10.5'',7' 0'',9' 2'',262.8,7' 2''
Corey Brewer,SF-SG,4.20%,-,-,6' 6'',6' 7.75'',8' 7'',185.0,6' 8.25''
Corey Hawkins,SG-PG,5.50%,8.75,9.00,6' 0.75'',6' 1.75'',8' 3.5'',191.8,6' 8''
Cory Jefferson,PF,5.25%,8.75,9.75,6' 7.75'',6' 9'',8' 9'',218.4,7' 0.5''
Cory Joseph,PG,9.70%,8.50,10.50,6' 2'',6' 3.25'',8' 3'',186.2,6' 5.5''
Craig Brackins,PF-SF,7.90%,9.50,11.25,6' 8.5'',6' 9.75'',9' 1'',229.0,7' 0''
Craig Bradshaw,PF,12.10%,-,-,6' 8'',6' 9.75'',8' 10.5'',240.0,7' 1.5''
Craig Smith,PF,12.20%,-,-,6' 5.5'',6' 6.5'',8' 7.5'',259.0,6' 9.5''
Curtis Stinson,SG,6.00%,-,-,6' 1.75'',6' 2.75'',8' 1.5'',208.0,6' 5''
Curtis Sumpter,SF,5.30%,-,-,6' 6'',6' 7.75'',8' 8'',227.0,6' 9.5''
Curtis Withers,PF-SF,5.00%,-,-,6' 6'',6' 6.5'',8' 5'',227.0,6' 10''
D'Or Fischer,C-PF,-%,-,-,6' 9.25'',6' 10.5'',9' 2.5'',242.4,7' 6''
D.J. Augustin,PG,8.10%,-,-,5' 10'',5' 11.5'',7' 10.5'',171.5,6' 3.5''
D.J. Wilson,PF,6.40%,9.25,10.25,6' 8.75'',6' 10.5'',9' 1.5'',234.4,7' 3''
D?Angelo Russell,PG-SG,8.30%,8.75,9.75,6' 3.25'',6' 5'',8' 6'',193.4,6' 9.75''
DJ Strawberry,SG,4.50%,-,-,6' 3.75'',6' 5'',8' 5'',199.0,6' 6.5''
DaJuan Summers,SF,6.60%,-,-,6' 7.25'',6' 8.5'',8' 10.5'',243.0,7' 0.75''
DaQuan Jeffries,SF-PF,3.90%,9.50,10.25,6' 4'',6' 5'',8' 8'',215.6,6' 11.25''
DaShaun Wood,PG,5.40%,-,-,5' 10.75'',5' 11.5'',7' 8'',167.0,6' 0.75''
Daequan Cook,SG,7.00%,-,-,6' 3'',6' 5.75'',8' 5.5'',203.0,6' 8.25''
Dakari Johnson,C,14.90%,9.25,10.50,6' 11'',6' 11.75'',9' 4'',264.6,7' 2''
Damian Jones,C,6.55%,8.75,10.50,6' 10.25'',6' 11.5'',8' 11'',243.6,7' 3.75''
Damian Lillard,PG,5.90%,8.75,9.75,6' 1.75'',6' 2.75'',7' 11.5'',188.8,6' 7.75''
Damien Wilkins,SG-SF,7.30%,-,-,6' 4.5'',6' 6'',8' 10'',222.0,7' 0''
Damion James,SF,9.60%,9.25,8.50,6' 6.25'',6' 7.75'',8' 11'',226.6,7' 0.75''
Damyean Dotson,SG-SF,5.30%,8.50,9.25,6' 4.5'',6' 5.5'',8' 4'',205.2,6' 9''
Dan Grunfeld,SF-SG,10.40%,-,-,6' 4.75'',6' 6'',8' 3'',216.0,6' 6.25''
Daniel Gafford,PF,5.90%,9.25,9.25,6' 9.25'',6' 10.5'',9' 2'',237.6,7' 2.25''
Daniel Hamilton,SG-SF,5.95%,9.00,8.50,6' 6.25'',6' 8'',8' 7.5'',197.0,6' 9''
Daniel Horton,PG-SG,8.00%,-,-,6' 0.5'',6' 2.25'',8' 0.5'',198.0,6' 7''
Daniel Orton,C,13.80%,8.50,9.75,6' 8.75'',6' 9.5'',9' 2.5'',269.2,7' 4.25''
Danilo Pinnock,PG-SG,4.60%,-,-,6' 2.75'',6' 4'',8' 4.5'',204.0,6' 7.5''
Danny Granger,-%,-,-,6' 7.5'',6' 8.5'',8' 7'',225.4,7' 1.5''
Danny Green,SG-SF,5.60%,-,-,6' 5.25'',6' 6.5'',8' 7'',208.0,6' 10''
Dante Cunningham,PF,4.80%,-,-,6' 7'',6' 8.25'',8' 10.5'',227.4,6' 11''
Dante Exum,SG,6.40%,8.50,9.50,6' 4.5'',6' 6'',8' 7'',196.3,6' 9.5''
Darington Hobson,SG-SF,6.20%,8.25,9.00,6' 5.25'',6' 6.5'',8' 8.5'',203.6,6' 9.25''
Darius Bazley,PF,3.60%,9.00,9.75,6' 7.75'',6' 9'',8' 11'',208.4,7' 0''
Darius Johnson-Odom,SG,7.00%,8.75,8.75,6' 1.5'',6' 3'',8' 0'',212.0,6' 7''
Darius Miller,SF-SG,7.50%,8.50,8.75,6' 6'',6' 7.5'',8' 5'',233.4,6' 9''
Darius Morris,PG-SG,5.30%,8.75,10.00,6' 3.25'',6' 5.25'',8' 6'',190.0,6' 7.5''
Darius Washington,PG,9.70%,-,-,5' 11.5'',6' 1'',8' 0'',195.0,6' 4''
Darnell Jackson,PF,12.50%,-,-,6' 7'',6' 7.75'',8' 10.5'',240.5,6' 11.25''
Darrell Arthur,PF,7.30%,-,-,6' 7.5'',6' 8.5'',8' 11'',216.0,6' 10.75''
Darren Collison,PG,5.70%,-,-,6' 0.25'',6' 1.5'',8' 0.5'',166.2,6' 3''
Darryl Watkins,C,6.90%,-,-,6' 8.75'',6' 10.25'',9' 2'',241.0,7' 3''
Daryl Dorsey,PG,-%,-,-,5' 11.25'',6' 0.5'',7' 10'',160.8,5' 11.5''
David Lee,PF,-%,-,-,6' 7.75'',6' 9'',8' 10.5'',229.5,7' 0''
David Lighty,SG,6.50%,9.00,10.00,6' 4.75'',6' 6.5'',8' 5'',216.2,6' 8''
David Lucas,PF,-%,-,-,6' 6.5'',6' 7.75'',8' 7.5'',233.4,7' 0''
David Noel,SF-SG,6.10%,-,-,6' 4.5'',6' 6'',8' 4'',223.0,6' 9.5''
David Padgett,C-PF,9.00%,-,-,6' 10.25'',6' 11.5'',9' 1.5'',239.5,7' 1''
David Simon,C-PF,-%,-,-,6' 8'',6' 9.5'',9' 0'',258.8,7' 3.5''
Davon Jefferson,SF,12.00%,-,-,6' 5.25'',6' 6.5'',8' 9'',213.0,6' 9.5''
Davon Reed,SG-SF,6.50%,9.25,9.50,6' 4.5'',6' 5.5'',8' 6'',206.2,7' 0''
De?Aaron Fox,PG,4.50%,8.50,8.50,6' 2'',6' 3.25'',8' 4'',169.6,6' 6.5''
DeAndre Bembry,SG-SF,7.00%,8.00,9.25,6' 4.25'',6' 5.75'',8' 5'',206.6,6' 9.25''
DeAndre Daniels,SF,3.85%,9.25,10.50,6' 7.25'',6' 8.5'',8' 10.5'',196.0,7' 2''
DeAndre Jordan,C,7.50%,-,-,6' 9.75'',6' 11'',9' 5.5'',250.0,7' 6''
DeAndre Liggins,SF-SG,5.00%,8.75,10.00,6' 5'',6' 6.25'',8' 7.5'',202.2,6' 11''
DeAnthony Melton,SG-PG,5.20%,8.50,9.50,6' 2.25'',6' 3.25'',8' 3.5'',193.2,6' 8.5''
DeJuan Blair,PF,12.00%,-,-,6' 5.25'',6' 6.5'',8' 10.5'',276.6,7' 2''
DeMar DeRozan,SG-SF,4.90%,-,-,6' 5.5'',6' 6.5'',8' 6.5'',211.2,6' 9''
DeMarcus Cousins,C,16.40%,9.25,10.00,6' 9.5'',6' 10.75'',9' 5'',291.8,7' 5.75''
DeMarcus Nelson,PG-SG,4.50%,-,-,6' 1'',6' 2.25'',8' 2.5'',198.0,6' 10''
DeMarre Carroll,PF-SF,6.30%,-,-,6' 6.25'',6' 7.75'',8' 9'',207.2,6' 10''
DeVon Hardin,C-PF,5.80%,-,-,6' 9.5'',6' 10.75'',9' 1.5'',235.0,7' 3''
Dedric Lawson,PF,8.90%,9.75,9.75,6' 7'',6' 8.5'',8' 11.5'',233.0,7' 2.25''
Dee Brown,PG-SG,-%,-,-,5' 11'',6' 0'',7' 10'',179.0,6' 2''
Deji Akindele,C-PF,-%,-,-,6' 9.5'',6' 11'',9' 0.5'',236.4,7' 3''
Delon Wright,PG,6.60%,8.00,8.50,6' 4.25'',6' 5.5'',8' 5.5'',181.4,6' 7.5''
Delonte West,PG-SG,6.70%,-,-,6' 1.5'',6' 2.75'',8' 3.5'',183.0,6' 6''
Demetri McCamey,PG,6.10%,8.50,9.00,6' 1.75'',6' 3.25'',8' 3.5'',204.0,6' 6.25''
Demetris Nichols,SF,6.20%,-,-,6' 6'',6' 7.5'',8' 9'',211.0,7' 0.25''
Demetrius Jackson,PG,6.50%,8.25,9.00,6' 0'',6' 1.25'',7' 9'',193.8,6' 5.5''
Deng Gai,PF-C,-%,-,-,6' 7.75'',6' 9.25'',9' 2.5'',214.0,7' 4.5''
Denham Brown,SG-SF,9.00%,-,-,6' 4'',6' 5'',8' 6.5'',218.0,6' 9.5''
Dennis Schroder,PG,4.10%,8.75,10.50,6' 1'',6' 2'',8' 2'',164.8,6' 7.75''
Denzel Valentine,SG-SF,9.20%,8.50,9.75,6' 4'',6' 5.75'',8' 6'',210.4,6' 10.75''
Deonte Burton,PG,7.65%,8.25,8.00,6' 0'',6' 1.25'',8' 1.5'',192.8,6' 7''
Deron Washington,SF,7.20%,-,-,6' 5.25'',6' 6.25'',8' 6.5'',198.5,6' 9''
Deron Williams,PG,-%,-,-,6' 1.75'',6' 2.75'',8' 2'',202.4,6' 6.25''
Derrick Brown,SF-PF,8.60%,-,-,6' 7.5'',6' 8.5'',8' 11.5'',224.6,7' 2.5''
Derrick Caracter,PF,12.80%,9.00,10.25,6' 8.25'',6' 9.5'',8' 11.5'',280.0,7' 0.25''
Derrick Favors,PF,6.50%,8.75,9.25,6' 8.75'',6' 10.25'',9' 2'',245.2,7' 4''
Derrick Rose,PG,4.60%,-,-,6' 1.5'',6' 2.5'',8' 2.5'',196.0,6' 8''
Derrick Walton Jr.,PG,5.80%,8.00,8.50,5' 11'',6' 0.75'',7' 11'',188.6,6' 2.5''
Derrick White,PG,6.20%,8.25,8.50,6' 3.25'',6' 4.5'',8' 5.5'',189.8,6' 7.5''
Derrick Williams,PF-SF,10.80%,9.00,9.75,6' 7.25'',6' 8.75'',9' 0'',248.4,7' 1.5''
Deshaun Thomas,SF,9.10%,8.00,8.75,6' 5'',6' 7'',8' 8'',219.8,6' 10''
Desmon Farmer,SG,5.30%,-,-,6' 4.5'',6' 5.75'',8' 7'',214.0,6' 8.5''
Devin Booker,SG,8.30%,8.75,9.00,6' 4.5'',6' 5.75'',8' 6.5'',205.8,6' 8.25''
Devin Ebanks,SF,7.90%,8.25,9.00,6' 7'',6' 8.25'',8' 11.5'',207.8,7' 0.25''
Devin Harris,PG,5.30%,-,-,6' 1.75'',6' 3'',8' 2.5'',170.0,6' 7.5''
Devin Robinson,SF,3.20%,9.25,10.25,6' 7'',6' 8.25'',8' 10'',189.6,7' 0.75''
Devon Dotson,PG,5.90%,8.25,9.50,6' 0'',6' 2'',7' 11.5'',178.6,6' 3.25''
Devon Hall,SG,8.45%,8.50,10.00,6' 4.25'',6' 6'',8' 6'',206.4,6' 7.75''
Devonte Graham,PG,4.80%,8.50,9.50,6' 0.25'',6' 1.5'',8' 0'',186.4,6' 6.25''
Devyn Marble,SG,6.90%,8.25,8.50,6' 5'',6' 6.5'',8' 6'',192.4,6' 9''
Dewan Hernandez,C,6.10%,9.50,10.25,6' 9'',6' 10.25'',8' 11'',232.8,7' 1.75''
Dewayne Dedmon,C,8.35%,9.00,11.00,6' 10'',6' 11.5'',9' 1'',238.8,7' 4''
Dexter Pittman,PF-C,20.80%,10.25,10.50,6' 9.5'',6' 11.5'',9' 3'',302.6,7' 6''
Deyonta Davis,PF,9.70%,9.00,9.25,6' 9.25'',6' 10.5'',9' 0.5'',237.2,7' 2.5''
Dez Wells,SG,8.10%,8.75,9.75,6' 3'',6' 4'',8' 4.5'',208.8,6' 9.5''
Diamond Stone,C,12.85%,8.50,7.75,6' 9'',6' 10.25'',9' 0.5'',254.4,7' 2.75''
Dijon Thompson,SF-SG,-%,-,-,6' 6.25'',6' 8'',8' 9.5'',195.8,6' 9.75''
Dillon Brooks,SG-SF,7.50%,8.25,9.25,6' 5'',6' 6'',8' 4.5'',220.2,6' 6''
Dion Waiters,SG,8.50%,8.50,9.50,6' 2.5'',6' 4'',8' 2'',221.0,6' 7.25''
Dionte Christmas,SG,7.10%,-,-,6' 4.25'',6' 5.5'',8' 6.5'',210.8,6' 9''
Dominic James,PG,4.80%,-,-,5' 10'',5' 11.75'',7' 9'',175.0,6' 2''
Dominic McGuire,SF,4.70%,-,-,6' 7'',6' 8.25'',8' 8'',220.0,6' 10.5''
Dominique Jones,SG,5.90%,9.00,10.25,6' 3.25'',6' 5'',8' 5'',216.0,6' 9.25''
Donovan Mitchell,SG,5.90%,8.50,9.50,6' 1.25'',6' 3'',8' 1'',211.4,6' 10''
Donte DiVincenzo,SG,5.00%,8.25,9.00,6' 3.5'',6' 4.5'',8' 1.5'',200.6,6' 6''
Donte Greene,SF-PF,7.60%,-,-,6' 8.25'',6' 9'',9' 0'',221.0,6' 10''
Dorian Finney-Smith,SF,6.45%,9.00,9.75,6' 6.5'',6' 7.75'',8' 9.5'',212.6,6' 11.75''
Doron Lamb,SG-PG,6.70%,8.50,8.75,6' 3.25'',6' 4.75'',8' 2.5'',199.4,6' 6.75''
Doug McDermott,SF,7.10%,8.75,9.75,6' 6.25'',6' 7.75'',8' 7'',218.0,6' 9.25''
Drago Pasalic,PF,12.90%,-,-,6' 9.25'',6' 10.75'',9' 0'',231.0,6' 11.5''
Drago Pasalic,SF-PF,-%,-,-,6' 9.5'',6' 11'',9' 0.5'',238.8,6' 11.75''
Draymond Green,PF-SF,11.30%,9.00,9.50,6' 5.75'',6' 7.5'',8' 9'',235.6,7' 1.25''
Drew Gordon,PF,9.10%,8.50,9.75,6' 8'',6' 8.75'',8' 7.5'',239.0,6' 11.5''
Drew Neitzel,PG,6.20%,-,-,5' 11.75'',6' 0.75'',7' 11'',175.5,6' 2.5''
Dustin Salisbery,SG,6.60%,-,-,6' 3'',6' 4.75'',8' 4.5'',208.0,6' 8''
Dwayne Bacon,SG-SF,7.90%,8.75,10.00,6' 4.75'',6' 6.25'',8' 7.5'',221.6,6' 10''
Dwayne Jones,C-PF,-%,-,-,6' 8.5'',6' 10'',9' 0.5'',242.2,7' 2.75''
Dwayne Mitchell,SG-SF,4.50%,-,-,6' 2'',6' 3.25'',8' 2.5'',208.0,6' 6.5''
Dwight Howard,PF-C,10.50%,-,-,6' 9'',6' 10.25'',9' 3.5'',240.0,7' 4.5''
Dwight Powell,PF,6.20%,9.00,9.25,6' 9.5'',6' 11'',8' 9'',234.4,7' 0.5''
Dylan Page,SF,12.30%,-,-,6' 7.5'',6' 8.75'',8' 9'',239.0,6' 7''
Dylan Windler,SF,4.60%,8.25,9.50,6' 6.25'',6' 7.5'',8' 8.5'',195.8,6' 10''
E'Twaun Moore,SG,7.60%,9.00,10.00,6' 2.5'',6' 4'',8' 3.5'',191.4,6' 9.5''
Earl Clark,SF-PF,5.20%,-,-,6' 8.5'',6' 10.25'',9' 1.5'',228.4,7' 2.5''
Ed Davis,PF,10.00%,9.25,10.00,6' 9'',6' 9.75'',9' 0'',226.6,7' 0''
Eddie Basden,SG-SF,-%,-,-,6' 4.25'',6' 5.5'',8' 5'',210.0,6' 10.25''
Eddy Fobbs,C-PF,-%,-,-,6' 10.25'',6' 11.25'',9' 3.5'',235.2,7' 6.75''
Edmond Sumner,PG,8.30%,8.25,9.00,6' 4'',6' 5.75'',8' 6.5'',176.4,6' 9''
Edrice Adebayo,PF-C,5.20%,9.50,8.75,6' 8.75'',6' 9.75'',9' 0'',242.6,7' 2.75''
Ekene Ibekwe,PF,3.20%,-,-,6' 8'',6' 9'',8' 8'',208.0,7' 6''
Ekpe Udoh,PF,8.00%,9.50,8.75,6' 8.75'',6' 9.75'',8' 10.5'',237.4,7' 4.5''
Elfrid Payton,PG,5.65%,8.75,9.00,6' 2.5'',6' 3.75'',8' 2.5'',185.4,6' 8''
Elgin Cook,SF,6.35%,8.50,10.25,6' 5'',6' 6.25'',8' 4.5'',209.8,6' 10''
Ellis Myles,PF,-%,-,-,6' 6'',6' 7.25'',8' 9.5'',255.2,6' 9.75''
Emeka Okafor,C-PF,5.30%,-,-,6' 8.75'',6' 10'',9' 2.5'',257.0,7' 4''
Enes Kanter,PF-C,5.90%,9.50,10.75,6' 9.75'',6' 11.25'',9' 1.5'',259.2,7' 1.5''
Eric Bledsoe,PG,5.60%,8.50,9.75,6' 0.25'',6' 1.5'',8' 2'',191.6,6' 7.5''
Eric Gordon,SG,8.20%,-,-,6' 2'',6' 3.25'',8' 3'',222.0,6' 9''
Eric Hicks,PF,7.10%,-,-,6' 4.75'',6' 5.5'',8' 9.5'',238.0,7' 1.5''
Eric Maynor,PG,5.40%,-,-,6' 2.25'',6' 3.25'',8' 1'',163.6,6' 2.5''
Eric Paschall,SF,6.30%,9.00,9.50,6' 6'',6' 7.25'',8' 7.5'',254.4,6' 11.75''
Eric Williams,C-PF,13.00%,-,-,6' 7.25'',6' 8.75'',8' 10.5'',285.0,7' 4.25''
Erick Green,PG,4.35%,8.50,9.00,6' 1.5'',6' 3'',8' 2'',178.2,6' 5.75''
Erik Daniels,SF-PF,18.50%,-,-,6' 6.25'',6' 7.5'',8' 10'',223.0,6' 11''
Erik Murphy,PF,7.95%,8.75,9.75,6' 8.75'',6' 9.5'',9' 0'',239.8,6' 10.5''
Ersan Ilyasova,SF,-%,-,-,6' 7.75'',6' 9'',9' 1.5'',208.8,7' 1.25''
Evan Turner,SG,8.60%,8.75,9.50,6' 5.75'',6' 7'',8' 7.5'',213.8,6' 8''
Fab Melo,C,9.20%,9.00,10.00,6' 10.75'',7' 0'',9' 2'',255.0,7' 2.5''
Festus Ezeli,C-PF,5.50%,9.00,10.75,6' 9.75'',6' 11.5'',9' 0'',264.2,7' 5.75''
Francisco Garcia,SF-SG,-%,-,-,6' 5.75'',6' 7'',8' 7'',189.6,6' 10.75''
Frank Elegar,PF,4.50%,-,-,6' 7.25'',6' 8.75'',8' 10'',210.0,7' 3.25''
Frank Jackson,PG,6.70%,8.25,9.00,6' 2'',6' 3.5'',8' 2'',201.6,6' 7.5''
Frank Kaminsky,C-PF,9.40%,8.50,9.50,6' 11.75'',7' 0.75'',9' 1.5'',231.2,6' 11''
Frank Mason III,PG,4.30%,8.00,9.25,5' 11'',6' 0'',7' 10'',188.8,6' 3.25''
Frans Steyn,C,12.80%,-,-,7' 1.25'',7' 2.5'',9' 1'',280.0,7' 2.25''
Gani Lawal,PF,6.30%,8.50,10.00,6' 7.5'',6' 9'',8' 11.5'',233.4,7' 0''
Gary Forbes,SG,6.50%,-,-,6' 4.5'',6' 5.75'',8' 8.5'',220.5,6' 11.25''
Gary Harris,SG,4.55%,8.50,9.50,6' 2.5'',6' 4.5'',8' 0'',204.8,6' 6.75''
Gary Payton II,PG,3.95%,8.75,9.50,6' 2'',6' 3'',8' 3.5'',183.8,6' 8''
Gary Trent,SG,7.00%,8.50,9.50,6' 4.25'',6' 5.75'',8' 2'',204.2,6' 8.75''
George Hill,PG,3.00%,-,-,6' 1.25'',6' 2.5'',8' 1.5'',181.0,6' 9''
George King,SF-SG,7.25%,9.00,10.25,6' 4.75'',6' 6'',8' 5.5'',218.6,6' 11.5''
Georges Niang,PF,10.05%,9.25,9.25,6' 6.75'',6' 8.5'',8' 7'',230.8,6' 10''
Gerald Green,SF,-%,-,-,6' 6'',6' 7.25'',8' 8'',192.0,6' 9.75''
Gerald Henderson,SG-SF,4.40%,-,-,6' 4'',6' 5'',8' 6.5'',214.6,6' 10.25''
Gerry McNamara,PG-SG,12.80%,-,-,5' 11.75'',6' 0.5'',7' 8.5'',177.0,6' 0.75''
Glen Rice,SF-SG,8.45%,8.50,9.00,6' 4.5'',6' 5.75'',8' 5.5'',210.8,6' 9.25''
Glenn Robinson III,SF,5.05%,9.00,9.50,6' 5.5'',6' 6.75'',8' 4.5'',211.4,6' 10''
Gordon Hayward,SF,6.90%,8.50,9.25,6' 6.75'',6' 8'',8' 7'',211.0,6' 7.75''
Gorgui Dieng,C,5.35%,9.00,10.00,6' 9.75'',6' 10.75'',9' 3.5'',229.6,7' 3.5''
Grant Jerrett,PF,10.05%,8.50,9.25,6' 8.75'',6' 10.25'',9' 1'',232.0,7' 2''
Grant Williams,PF,5.40%,9.00,10.50,6' 5.75'',6' 7.5'',8' 8.5'',240.2,6' 9.75''
Grayson Allen,SG,5.55%,8.25,10.00,6' 3'',6' 4.5'',8' 1'',198.0,6' 7.25''
Greg Monroe,PF-C,11.20%,8.75,9.50,6' 9.75'',6' 11'',9' 0.5'',246.6,7' 2.25''
Greg Oden,C,7.80%,-,-,6' 11'',7' 0'',9' 4'',257.0,7' 4.25''
Gregory Smith,PF-C,7.40%,9.75,12.00,6' 8'',6' 9.25'',8' 10.5'',252.8,7' 2.5''
Greivis Vasquez,PG-SG,8.60%,7.75,9.25,6' 5'',6' 6.5'',8' 5'',210.8,6' 7''
Hakim Warrick,PF-SF,-%,-,-,6' 7.25'',6' 8.5'',9' 0'',215.0,7' 2''
Hamidou Diallo,SG,4.45%,8.75,9.00,6' 4.25'',6' 6'',8' 7'',197.0,6' 11.5''
Hamidou Diallo,SG-SF,5.20%,8.50,9.50,6' 3.75'',6' 5'',8' 5.5'',197.4,6' 11.25''
Harrison Barnes,SF-SG,9.60%,9.00,8.50,6' 7'',6' 8'',8' 5.5'',227.8,6' 11.25''
Harry Giles,PF,5.20%,9.50,10.75,6' 9.25'',6' 10.5'',9' 1.5'',232.0,7' 3.25''
Hasheem Thabeet,C,6.70%,-,-,7' 1.25'',7' 2.5'',9' 5'',267.2,7' 6.25''
Hassan Whiteside,C-PF,5.50%,8.25,10.25,6' 10.5'',6' 11.5'',9' 5'',226.6,7' 7''
Henry Ellenson,PF,11.20%,8.50,9.75,6' 10'',6' 11.5'',9' 0'',242.0,7' 2.25''
Henry Sims,C-PF,7.70%,9.25,10.00,6' 10'',6' 11.75'',9' 0'',241.2,7' 4''
Herbert Hill,C,5.60%,-,-,6' 7'',6' 9.75'',9' 0.5'',232.0,7' 2.25''
Herve Lamizana,SF-PF,6.70%,-,-,6' 7.5'',6' 8.5'',8' 11'',210.0,7' 1.5''
Hilton Armstrong,C-PF,6.30%,-,-,6' 9.5'',6' 10.25'',9' 1'',240.0,7' 4''
Hollis Thompson,SF,6.00%,8.25,9.75,6' 6.75'',6' 8'',8' 6.5'',206.0,6' 9.5''
Ian Vouyoukas,C-PF,14.80%,-,-,6' 8.5'',6' 9.5'',9' 0.5'',267.0,7' 0.75''
Ignas Brazdeikis,SF,6.00%,8.75,9.50,6' 5.75'',6' 7.25'',8' 6'',220.8,6' 9.25''
Ike Anigbogu,C,5.40%,9.50,10.00,6' 8.5'',6' 9.75'',9' 2.5'',252.2,7' 6.25''
Ike Diogu,PF,-%,-,-,6' 6.5'',6' 8'',9' 1'',255.4,7' 3.5''
Iman Shumpert,PG-SG,6.50%,9.00,9.00,6' 4.25'',6' 5.5'',8' 3.5'',221.8,6' 9.5''
Isaac Haas,C,12.55%,10.00,10.50,7' 1.25'',7' 2.75'',9' 3.5'',303.0,7' 5''
Isaiah Briscoe,PG,11.00%,9.00,9.25,6' 1.25'',6' 2.75'',8' 3.5'',222.4,6' 9''
Isaiah Canaan,PG,5.90%,8.25,9.50,5' 11'',6' 0'',7' 10.5'',188.4,6' 4.5''
Isaiah Cousins,PG,4.80%,8.25,8.75,6' 3.25'',6' 4.5'',8' 2.5'',194.0,6' 6.25''
Isaiah Hicks,PF,7.70%,8.75,9.75,6' 7.25'',6' 8.5'',8' 9'',233.4,7' 0.5''
Isaiah Roby,PF,3.90%,9.00,10.50,6' 7.25'',6' 8.5'',8' 10'',214.0,7' 1''
Isaiah Thomas,PG,6.70%,8.25,9.00,5' 8.75'',5' 10.25'',7' 7.5'',186.0,6' 1.75''
Isaiah Whitehead,PG-SG,9.25%,8.50,8.75,6' 3.25'',6' 4.5'',8' 4'',210.0,6' 8.75''
Ivan Koljevic,PG,6.70%,-,-,6' 1'',6' 2'',7' 11'',172.0,6' 2.5''
Ivan McFarlin,PF,-%,-,-,6' 5.5'',6' 6.75'',8' 9.5'',228.6,6' 9''
Ivan Rabb,PF,6.80%,8.75,9.00,6' 8.75'',6' 10'',9' 1'',219.6,7' 1.5''
Ivan Radenovic,PF,9.80%,-,-,6' 9'',6' 10.75'',8' 10'',226.0,6' 11.75''
J'Covan Brown,PG,12.50%,7.75,8.25,6' 1'',6' 2.25'',8' 0'',202.4,6' 5.25''
J.P. Batista,PF,12.00%,-,-,6' 7.5'',6' 8.5'',8' 7.5'',265.0,6' 10''
J.P. Tokoto,SF-SG,4.10%,8.00,8.75,6' 5.25'',6' 6.25'',8' 4.5'',195.8,6' 10''
J.R. Giddens,SG,5.40%,-,-,6' 4'',6' 4.75'',8' 7'',208.0,6' 11.25''
J.R. Smith,SG-SF,6.70%,-,-,6' 5.5'',6' 6.75'',8' 8'',227.0,6' 10''
JJ Redick,SG,7.00%,-,-,6' 4'',6' 4.75'',8' 1.5'',190.0,6' 3.25''
JR Reynolds,PG,8.20%,-,-,6' 0'',6' 2.75'',7' 11'',188.0,6' 3.25''
JaJuan Johnson,PF,7.50%,9.00,10.00,6' 9'',6' 10'',8' 11.5'',219.8,7' 2''
JaMychal Green,PF,9.80%,9.25,9.25,6' 8'',6' 9'',8' 10.5'',217.4,7' 2.25''
JaVale McGee,C-PF,5.30%,-,-,6' 11'',7' 0'',9' 6.5'',241.0,7' 6''
Jabari Brown,SG,6.05%,9.00,9.25,6' 3'',6' 4.25'',8' 4'',201.9,6' 8.25''
Jack McClinton,SG-PG,6.20%,-,-,5' 11.75'',6' 0.75'',8' 0'',185.2,6' 2.5''
Jackie Butler,C,16.30%,-,-,6' 8'',6' 9.5'',9' 1'',263.0,7' 1.5''
Jackie Carmichael,PF,5.80%,9.00,10.25,6' 7.5'',6' 9'',8' 11'',241.2,7' 1.5''
Jackson Vroman,PF-C,6.70%,-,-,6' 9.25'',6' 10.75'',8' 9.5'',226.0,7' 0''
Jacob Evans,SG-SF,6.50%,9.00,9.25,6' 4.25'',6' 5.5'',8' 6.5'',199.6,6' 9.25''
Jae Crowder,SF,9.00%,9.50,10.50,6' 4.75'',6' 6.5'',8' 3.5'',241.2,6' 9.25''
Jaime Lloreda,PF,9.90%,-,-,6' 6.75'',6' 8.5'',8' 11'',247.0,6' 9.5''
Jake Layman,SF,7.10%,8.25,9.25,6' 8'',6' 9.25'',8' 6'',208.6,6' 9.25''
Jakob Poeltl,C,5.80%,9.25,10.25,7' 0.25'',7' 1'',9' 3.5'',239.0,7' 2.75''
Jalen Brunson,PG,6.70%,8.25,9.25,6' 1'',6' 2.25'',8' 0'',198.4,6' 4''
Jalen Hoard,PF,6.70%,8.75,9.75,6' 7.25'',6' 9'',8' 9.5'',212.6,7' 0.75''
Jalen Lecque,PG,4.00%,8.75,8.50,6' 2.5'',6' 4.25'',8' 2.5'',185.2,6' 8.5''
Jalen McDaniels,SF,5.70%,9.00,10.00,6' 8.25'',6' 9.75'',8' 9.5'',191.6,7' 0.25''
Jamaal Franklin,SG-SF,8.25%,8.50,8.25,6' 4'',6' 5.25'',8' 7.5'',190.8,6' 11.25''
Jamaal Tatum,PG,5.00%,-,-,5' 11.5'',6' 0.75'',7' 9.5'',168.0,6' 2.5''
Jamar Butler,PG,6.00%,-,-,6' 0.25'',6' 1.5'',8' 1'',182.0,6' 4.75''
Jameer Nelson,PG,8.00%,-,-,5' 11'',6' 0.5'',7' 11'',199.0,6' 2.5''
Jamel Artis,SG-SF,11.90%,9.25,9.75,6' 5.5'',6' 6.75'',8' 9'',213.2,6' 10''
James Anderson,SF,7.90%,8.50,7.25,6' 4.75'',6' 5.75'',8' 8'',207.6,6' 8.5''
James Augustine,PF,5.50%,-,-,6' 8.25'',6' 9.75'',8' 8'',227.0,7' 0.25''
James Ennis,SF,4.50%,8.50,8.75,6' 5.75'',6' 7'',8' 8.5'',200.8,6' 11.5''
James Fredette,PG,7.70%,8.00,8.50,6' 0.75'',6' 2.5'',8' 0.5'',196.0,6' 4.5''
James Gist,PF,4.80%,-,-,6' 7'',6' 8.5'',8' 11.5'',220.0,7' 4''
James Harden,SG,10.10%,-,-,6' 4'',6' 5.25'',8' 7.5'',222.0,6' 10.75''
James Hughes,C,3.50%,-,-,6' 9'',6' 10.75'',9' 3'',209.0,7' 3''
James Johnson,SF-PF,12.00%,-,-,6' 7'',6' 7.75'',8' 9.5'',257.2,7' 0.75''
James Mays,PF,8.80%,-,-,6' 6.75'',6' 7.75'',8' 9'',227.0,7' 1.75''
James McAdoo,PF,6.15%,9.25,9.00,6' 7.5'',6' 8.75'',8' 10.5'',227.6,7' 2.25''
James Moore,PF-SF,8.00%,-,-,6' 6.5'',6' 8'',8' 11'',198.0,7' 0.5''
James Southerland,SF-PF,8.05%,8.00,9.50,6' 7'',6' 8'',8' 10'',220.6,7' 1''
James Young,SG,5.10%,9.00,9.50,6' 5.25'',6' 6.75'',8' 8'',213.3,7' 0''
Jamie Skeen,PF,9.80%,8.50,8.50,6' 6.5'',6' 8'',8' 10.5'',241.6,7' 1.25''
Jared Cunningham,SG-PG,3.60%,8.25,9.00,6' 3.5'',6' 5'',8' 2'',187.6,6' 6.5''
Jared Dudley,SF,7.10%,-,-,6' 5'',6' 7.25'',8' 6'',219.0,6' 7''
Jared Harper,PG,3.90%,8.25,9.50,5' 9.75'',5' 11'',7' 10'',169.2,6' 5.5''
Jared Homan,C-PF,-%,-,-,6' 7.75'',6' 8.75'',8' 8.5'',248.2,7' 1.25''
Jared Jordan,PG,7.00%,-,-,6' 0'',6' 1.75'',7' 10'',183.0,6' 0''
Jared Reiner,C-PF,12.90%,-,-,6' 10'',6' 11.75'',9' 1'',246.0,7' 0.5''
Jared Sullinger,PF,10.70%,9.25,9.75,6' 7.75'',6' 9'',8' 9.5'',268.2,7' 1.25''
Jarell Martin,PF,10.10%,8.25,9.50,6' 8'',6' 9.25'',8' 10.5'',238.6,6' 9''
Jaren Jackson,PF-C,7.20%,10.00,10.00,6' 9.75'',6' 11.25'',9' 2'',236.0,7' 5.25''
Jarnell Stokes,PF,8.20%,9.75,10.50,6' 7'',6' 8.5'',8' 7.5'',262.8,7' 1.25''
Jaron Blossomgame,SF,5.25%,8.50,10.00,6' 6.25'',6' 7.25'',8' 6'',213.6,6' 10''
Jaron Blossomgame,SF,5.70%,8.75,10.25,6' 5.75'',6' 6.75'',8' 8.5'',218.6,6' 10''
Jarrett Allen,C,7.40%,9.50,10.50,6' 9'',6' 10.25'',9' 1.5'',233.6,7' 5.25''
Jarrett Culver,SG,5.00%,8.25,8.50,6' 5.25'',6' 6.75'',8' 4.5'',194.2,6' 9.5''
Jarrett Jack,PG,-%,-,-,6' 2.5'',6' 3.5'',8' 4'',197.6,6' 7.5''
Jarrod Uthoff,PF,6.00%,8.75,9.00,6' 8.5'',6' 9.75'',8' 8'',214.4,6' 11.5''
Jarvis Varnado,PF-C,9.50%,9.25,9.50,6' 8.25'',6' 10'',9' 1.5'',210.2,7' 3.5''
Jason Klotz,C-PF,-%,-,-,6' 8.5'',6' 9.75'',8' 11.5'',249.4,6' 10''
Jason Maxiell,PF,-%,-,-,6' 5'',6' 6.25'',8' 11'',257.6,7' 3.25''
Jason Smith,PF,7.50%,-,-,6' 10.75'',6' 11.5'',8' 10'',233.0,6' 10.75''
Javaris Crittenton,PG,4.50%,-,-,6' 3'',6' 4.75'',8' 2'',194.0,6' 5.5''
Jawad Williams,SF,-%,-,-,6' 7'',6' 8'',8' 10.5'',218.0,7' 1.25''
Jawun Evans,PG,9.10%,8.00,7.75,5' 10.75'',5' 11.5'',7' 11'',185.2,6' 5.5''
Jaxson Hayes,PF,5.00%,9.25,10.50,6' 10.25'',6' 11.5'',9' 2.5'',218.6,7' 3.5''
Jaylen Barford,PG-SG,11.65%,8.00,8.25,6' 1.25'',6' 2.25'',8' 0.5'',207.6,6' 3.5''
Jaylen Brown,SG-SF,5.05%,8.75,9.00,6' 5.25'',6' 6.75'',8' 6.5'',222.8,6' 11.75''
Jaylen Hands,PG,5.00%,8.00,8.00,6' 1.5'',6' 2.75'',8' 2'',179.0,6' 5.5''
Jaylen Hands,PG,5.10%,8.00,8.25,6' 1.5'',6' 3'',8' 1'',180.4,6' 5.5''
Jaylen Nowell,SG,6.10%,8.25,8.50,6' 3.25'',6' 4.25'',8' 2'',202.4,6' 7.25''
Jeff Adrien,PF,7.90%,-,-,6' 5.25'',6' 6.5'',8' 11.5'',236.2,7' 2''
Jeff Ayres,PF,5.50%,-,-,6' 8.75'',6' 10'',8' 11'',239.6,7' 1''
Jeff Green,SF,3.70%,-,-,6' 7'',6' 9.5'',8' 7'',228.0,7' 1.25''
Jeff Taylor,SF-SG,4.20%,8.25,9.75,6' 6'',6' 7.25'',8' 5.5'',212.8,6' 6.25''
Jeff Teague,PG,4.50%,-,-,6' 0.25'',6' 1.5'',8' 2.5'',175.2,6' 7.5''
Jeff Withey,C,8.65%,9.00,9.75,6' 10.75'',7' 0.5'',9' 2.5'',221.8,7' 2''
Jerami Grant,SF,3.75%,9.25,9.25,6' 6.5'',6' 7.75'',8' 11'',214.0,7' 2.75''
Jerel McNeal,SG,5.40%,-,-,6' 1.5'',6' 3'',8' 3.5'',190.4,6' 7.25''
Jereme Richmond,SF,5.50%,8.75,9.50,6' 6'',6' 7.25'',8' 10.5'',207.2,6' 10.25''
Jeremy Hunt,SG,5.20%,-,-,6' 2'',6' 4.75'',8' 5.5'',198.0,6' 8.25''
Jeremy Lamb,SG,4.50%,8.75,9.25,6' 4'',6' 5.25'',8' 6'',179.2,6' 11''
Jeremy Pargo,PG,7.60%,-,-,6' 0.5'',6' 1.5'',8' 0'',208.0,6' 5''
Jeremy Tyler,PF-C,13.40%,9.25,9.00,6' 9'',6' 10.5'',9' 2.5'',262.4,7' 5''
Jerian Grant,PG,5.60%,8.25,8.50,6' 3.25'',6' 4.25'',8' 4'',198.0,6' 7.5''
Jermaine Taylor,SG,5.80%,-,-,6' 3.5'',6' 4.75'',8' 5'',207.4,6' 8.75''
Jermareo Davidson,PF,6.90%,-,-,6' 9'',6' 11'',9' 1.5'',230.0,7' 4''
Jerome Jordan,C,6.90%,9.00,10.25,6' 11.5'',7' 0.75'',9' 5'',244.2,7' 5.25''
Jerome Robinson,SG,6.05%,9.00,10.00,6' 4'',6' 5'',8' 2'',188.4,6' 7.25''
Jerryd Bayless,PG-SG,4.70%,-,-,6' 1.75'',6' 3'',8' 1'',204.0,6' 3.5''
Jevon Carter,PG,4.15%,9.25,8.50,6' 0.25'',6' 1.5'',7' 11'',196.2,6' 4.25''
Jimmy Butler,SF,5.40%,9.00,9.00,6' 6'',6' 7.75'',8' 5.5'',222.2,6' 7.5''
Jiri Hubalek,C-PF,8.80%,-,-,6' 9.5'',6' 11'',9' 1'',226.0,6' 10.75''
Joah Tucker,SF-SG,7.00%,-,-,6' 3.75'',6' 5.25'',8' 3.5'',224.0,6' 6.5''
Joakim Noah,PF,4.80%,-,-,6' 10'',7' 0'',8' 10.5'',223.0,7' 1.25''
Jodie Meeks,SG,8.00%,-,-,6' 3'',6' 4'',8' 2'',211.4,6' 4.5''
Joe Alexander,SF-PF,5.80%,-,-,6' 7.25'',6' 8.25'',8' 10'',220.0,6' 11.5''
Joe Crawford,SG,7.60%,-,-,6' 3'',6' 4'',8' 3.5'',213.0,6' 5.75''
Joe Harris,SG,6.20%,8.50,9.75,6' 4.75'',6' 6.25'',8' 4'',215.0,6' 6''
Joe Ingles,SF,10.10%,-,-,6' 7.75'',6' 8.25'',8' 9'',209.2,6' 10.25''
Joel Bolomboy,PF,5.15%,9.00,10.25,6' 7.5'',6' 9'',8' 7.5'',224.4,7' 1.75''
Joey Dorsey,PF-C,9.00%,-,-,6' 6.25'',6' 7.25'',8' 11'',265.0,7' 1.75''
Joey Graham,SF,-%,-,-,6' 5.25'',6' 6.5'',8' 8'',216.6,6' 8''
John Collins,PF,5.40%,9.00,10.00,6' 8.25'',6' 9.5'',8' 10.5'',225.2,6' 11.25''
John Edwards,C,14.10%,-,-,6' 11.25'',7' 1'',9' 5'',264.0,7' 4.5''
John Gilchrist,PG,-%,-,-,6' 1.25'',6' 2.5'',8' 0.5'',195.2,6' 9.25''
John Henson,PF,8.60%,9.25,10.00,6' 9'',6' 10.5'',9' 4'',216.0,7' 5''
John Jenkins,SG,7.10%,9.00,9.00,6' 3.25'',6' 4.25'',8' 2'',212.0,6' 8.5''
John Lucas III,PG,-%,-,-,5' 9.25'',5' 10.5'',7' 8'',154.4,6' 0''
John Riek,C,11.00%,-,-,6' 10.5'',7' 0'',237.0,7' 8.75''
John Wall,PG,5.60%,8.25,9.50,6' 2.75'',6' 4'',8' 5.5'',195.6,6' 9.25''
Johnathan Motley,PF,-%,9.00,9.50,6' 7.75'',6' 8.75'',9' 0'',238.2,7' 4''
Johnny O?Bryant III,PF,10.75%,9.25,9.50,6' 7.25'',6' 8.5'',8' 9'',256.8,7' 2.25''
Jon Diebler,SG,8.50%,8.25,8.25,6' 5.25'',6' 6.5'',8' 3'',196.6,6' 6''
Jon Leuer,PF,5.40%,8.75,9.75,6' 10'',6' 11.5'',8' 9.5'',223.2,7' 0''
Jon Scheyer,PG-SG,5.40%,7.75,9.50,6' 4.75'',6' 6'',8' 3'',180.0,6' 3.25''
Jonathan Holmes,PF-SF,7.20%,8.25,9.50,6' 8.25'',6' 9.25'',8' 11.5'',242.2,6' 11.5''
Jonny Flynn,PG,6.30%,-,-,5' 11.25'',6' 0.75'',7' 11.5'',195.6,6' 4''
Jontay Porter,C-PF,13.85%,8.75,9.50,6' 10'',6' 11.5'',9' 1'',236.0,7' 0.25''
Jontay Porter,PF,8.50%,8.75,9.50,6' 9.75'',6' 11'',9' 1.5'',210.4,7' 0''
Jordan Adams,SG,10.80%,8.50,7.50,6' 3.5'',6' 4.75'',8' 6'',208.8,6' 10''
Jordan Bachynski,PF,7.45%,9.25,10.00,7' 1.25'',7' 2'',9' 0.5'',254.1,7' 4''
Jordan Bell,PF,5.40%,9.25,9.50,6' 7'',6' 8.5'',8' 8.5'',223.6,6' 11.75''
Jordan Bone,SG,5.00%,7.50,9.25,6' 1.5'',6' 2.75'',7' 11'',179.0,6' 3.25''
Jordan Clarkson,PG,4.30%,8.25,9.00,6' 3.25'',6' 5'',8' 2'',186.3,6' 8''
Jordan Crawford,SG,4.90%,8.00,9.00,6' 3'',6' 4.5'',8' 5'',198.4,6' 7''
Jordan Farmar,PG,4.40%,-,-,6' 0.75'',6' 2'',7' 10.5'',171.0,6' 3''
Jordan Hamilton,SF,9.80%,9.00,9.25,6' 6.75'',6' 8.5'',8' 8'',228.4,6' 9.5''
Jordan Hill,PF-C,6.00%,-,-,6' 9.25'',6' 10.25'',9' 0'',232.4,7' 1.5''
Jordan McRae,SG,5.20%,8.75,8.50,6' 3.75'',6' 5.25'',8' 8'',179.4,7' 0.5''
Jordan Mickey,PF,7.20%,8.75,9.50,6' 7'',6' 8.25'',8' 10'',238.0,7' 3.25''
Jordan Nwora,PF,7.80%,8.50,9.25,6' 5.75'',6' 7.5'',8' 7'',220.0,6' 10.5''
Jordan Poole,SG,7.50%,8.25,8.50,6' 3.5'',6' 5.5'',8' 3.5'',190.8,6' 6.75''
Jordan Taylor,PG,5.50%,8.25,9.50,6' 1'',6' 2'',7' 8.5'',192.8,6' 3''
Jordan Williams,PF,12.10%,9.25,10.00,6' 7.75'',6' 9'',8' 10.5'',247.2,7' 0.25''
Joseph Jones,PF,12.20%,-,-,6' 7'',6' 8.5'',8' 11'',240.0,7' 0.25''
Josh Childress,SG-SF,9.30%,-,-,6' 5.75'',6' 7.25'',8' 9'',196.0,6' 11''
Josh Duncan,PF,5.40%,-,-,6' 8'',6' 9'',8' 8.5'',230.0,6' 11.5''
Josh Hart,SG,5.75%,8.50,9.25,6' 4'',6' 5.5'',8' 3.5'',203.6,6' 8.5''
Josh Hart,SG-SF,5.80%,8.50,9.50,6' 3.75'',6' 5'',8' 5'',209.2,6' 8.25''
Josh Heytvelt,PF-C,10.80%,-,-,6' 10'',6' 11'',9' 0'',246.2,7' 1.25''
Josh McRoberts,PF,13.70%,-,-,6' 8'',6' 10'',8' 10.5'',240.0,7' 1''
Josh Okogie,SG,5.20%,9.00,9.75,6' 3'',6' 4.5'',8' 6'',210.8,7' 0''
Josh Selby,SG-PG,7.90%,8.50,9.00,6' 1.75'',6' 3'',8' 2'',194.6,6' 5.25''
Josh Smith,SG-SF,6.70%,-,-,6' 7'',6' 8.25'',8' 10.5'',221.0,7' 0''
Jrue Holiday,PG-SG,6.30%,-,-,6' 3.25'',6' 4.25'',8' 4.5'',199.0,6' 7''
Juan Mendez,PF-SF,-%,-,-,6' 5.25'',6' 6.75'',8' 10.5'',231.4,7' 0''
Julian Wright,SF-PF,6.10%,-,-,6' 6.5'',6' 8.5'',9' 0'',211.0,7' 2.25''
Julius Hodge,SG-SF,-%,-,-,6' 6'',6' 7'',8' 11.5'',202.2,7' 0.5''
Julius Randle,PF,9.40%,8.75,8.25,6' 7.75'',6' 9'',8' 9.5'',249.7,7' 0''
Justin Anderson,SF-SG,5.00%,8.50,9.50,6' 5.25'',6' 6.25'',8' 5'',230.6,6' 11.75''
Justin Doellman,PF,7.00%,-,-,6' 8'',6' 9.5'',8' 9'',205.0,6' 8.75''
Justin Harper,PF-SF,4.00%,9.00,9.25,6' 8'',6' 8.75'',8' 10'',228.0,6' 11.75''
Justin Jackson (UMD),SF,7.10%,9.00,9.50,6' 5.75'',6' 7'',8' 11'',219.4,7' 3.25''
Justin Jackson (UNC),SF,8.10%,8.75,9.25,6' 7'',6' 8.25'',8' 8.5'',200.8,6' 11''
Justin Jackson,PF,8.90%,9.00,9.50,6' 6'',6' 6.75'',8' 9'',229.4,7' 3''
Justin Jackson,SF,7.60%,8.75,8.75,6' 7'',6' 8.25'',8' 7.5'',193.4,6' 10.75''
Justin Patton,C,7.80%,8.75,9.75,6' 10'',6' 11.25'',9' 3.5'',229.0,7' 3''
Justin Williams,C-PF,6.50%,-,-,6' 7.25'',6' 8.75'',9' 1'',211.0,7' 1.5''
Justise Winslow,SF,5.30%,8.50,9.25,6' 4.5'',6' 6.5'',8' 8.5'',221.8,6' 10.25''
K.J. McDaniels,SF,4.45%,8.75,9.75,6' 4.5'',6' 6'',8' 6'',195.6,6' 11.25''
KZ Okpala,SF,4.60%,9.25,9.25,6' 7.25'',6' 9.5'',8' 10.5'',209.6,7' 1.75''
Kadeem Allen,PG,6.40%,8.50,8.75,6' 1'',6' 2.25'',8' 3.5'',192.4,6' 9.25''
Kawhi Leonard,SF,5.40%,9.75,11.25,6' 6'',6' 7'',8' 10'',227.4,7' 3''
Kay Felder,PG,5.80%,8.25,8.50,5' 8.25'',5' 9.5'',7' 4.5'',177.2,6' 2.5''
Keenan Evans,PG,6.50%,8.50,8.00,6' 1.5'',6' 3'',8' 2'',183.2,6' 5.25''
Keifer Sykes,PG,5.00%,8.50,9.50,5' 10.5'',5' 11.75'',7' 9'',167.2,6' 2''
Keita Bates-Diop,SG-SF,5.35%,9.00,8.50,6' 7.25'',6' 8.5'',8' 10.5'',223.8,7' 3.25''
Keith Benson,C-PF,6.10%,9.50,11.00,6' 10'',6' 11'',9' 1.5'',217.0,7' 3.75''
Keith Brumbaugh,SF-PF,4.00%,-,-,6' 7.5'',6' 8.75'',8' 8.5'',190.0,6' 7.25''
Keith Gallon,PF-C,15.10%,9.25,10.50,6' 8.5'',6' 9.5'',9' 1.5'',301.8,7' 4.5''
Keith Langford,SG-SF,-%,-,-,6' 2.25'',6' 3.5'',8' 5'',203.2,6' 9''
Keldon Johnson,SG,5.60%,8.00,9.25,6' 4.75'',6' 6'',8' 8'',216.4,6' 9.25''
Kelly Olynyk,PF-C,6.65%,8.50,10.00,6' 10.75'',7' 0'',9' 0'',234.0,6' 9.75''
Kelly Oubre,SF-SG,5.70%,9.00,8.75,6' 5.75'',6' 6.75'',8' 6.5'',202.8,7' 2.25''
Kelvin Pena,SG-PG,8.60%,-,-,6' 2.25'',6' 3.25'',8' 3.5'',182.0,6' 6.5''
Kemba Walker,PG,5.90%,8.00,9.00,5' 11.5'',6' 1'',7' 7.5'',184.0,6' 3.5''
Kendall Marshall,PG,7.80%,8.50,9.00,6' 3.25'',6' 4.25'',8' 0'',198.4,6' 5.5''
Kendall Williams,PG,7.20%,8.00,7.75,6' 2.25'',6' 3.75'',8' 3'',183.0,6' 5.5''
Kennedy Meeks,C,11.50%,8.75,8.75,6' 8.75'',6' 10.25'',8' 10'',276.6,7' 1''
Kenneth Faried,PF,6.30%,8.50,10.25,6' 6'',6' 7.5'',9' 0'',224.6,7' 0''
Kenny Adeleke,PF-C,10.50%,-,-,6' 6.5'',6' 7.75'',8' 8'',250.0,6' 10.25''
Kenny Kadji,PF-C,7.45%,9.00,10.25,6' 8.75'',6' 10'',8' 10.5'',241.6,7' 3''
Kenrich Williams,SF,5.95%,8.50,9.75,6' 6'',6' 7.5'',8' 7.5'',200.4,6' 7.25''
Kentavious Caldwell-Pope,SG,6.45%,8.50,9.00,6' 4.5'',6' 5.5'',8' 4.5'',203.6,6' 8''
Kentrell Gransberry,C,17.40%,-,-,6' 6.75'',6' 7.75'',8' 10'',290.0,6' 10.25''
Kevin Durant,SF-PF,6.60%,-,-,6' 9'',6' 10.25'',9' 2'',215.0,7' 4.75''
Kevin Hervey,PF,5.15%,9.25,10.25,6' 6.5'',6' 7.75'',8' 11'',211.6,7' 3.5''
Kevin Huerter,SG,8.60%,8.25,8.50,6' 6.25'',6' 7.25'',8' 5.5'',194.0,6' 7.5''
Kevin Jones,PF,11.20%,9.00,7.75,6' 6.25'',6' 7.5'',8' 9'',251.2,7' 1.5''
Kevin Knox,SF,4.95%,8.75,9.25,6' 7.75'',6' 9'',9' 0'',212.6,6' 11.75''
Kevin Love,PF,12.90%,-,-,6' 7.75'',6' 9.5'',8' 10'',255.0,6' 11.25''
Kevin Murphy,SG,5.80%,8.50,8.50,6' 5'',6' 6.25'',8' 3'',194.0,6' 6.75''
Kevin Pittsnogle,PF,-%,-,-,6' 9.25'',6' 10.25'',8' 10'',259.2,6' 10.5''
Kevin Porter Jr.,SG,5.10%,8.75,8.75,6' 4'',6' 5.5'',8' 7'',212.6,6' 9''
Kevon Looney,PF,11.90%,9.50,9.25,6' 8'',6' 9.25'',9' 2'',222.4,7' 3.5''
Keydren Clark,PG,11.60%,-,-,5' 9'',5' 10.25'',7' 8.5'',184.0,6' 2.5''
Khem Birch,PF,6.00%,9.00,8.50,6' 7.5'',6' 9.25'',8' 11'',208.8,7' 1''
Khris Middleton,SF,7.80%,9.00,9.00,6' 6.75'',6' 8.25'',8' 7'',216.2,6' 10.75''
Khyri Thomas,SG,6.40%,8.75,9.25,6' 2.5'',6' 3.75'',8' 5'',198.8,6' 10.5''
Kim English,SG,4.30%,8.50,8.75,6' 4.5'',6' 5.75'',8' 2'',192.0,6' 6.5''
Kirk Snyder,SG-SF,9.30%,-,-,6' 6'',6' 6.75'',8' 8'',228.0,6' 9''
Klay Thompson,SG,8.00%,8.75,9.25,6' 5.75'',6' 7.25'',8' 7.5'',205.6,6' 9''
Kobi Simmons,PG,5.00%,8.50,9.50,6' 3.25'',6' 4.5'',8' 3'',166.2,6' 6''
Kostas Antetokounmpo,PF,5.00%,9.25,9.50,6' 9'',6' 10.5'',9' 2'',194.8,7' 2.25''
Kris Dunn,PG,-%,-,-,6' 3'',6' 4.25'',8' 4'',0.0,6' 9.5''
Kris Humphries,PF,6.70%,-,-,6' 8.25'',6' 9.5'',8' 10.5'',238.0,7' 0.5''
Kris Joseph,SG,8.60%,9.00,9.00,6' 6'',6' 7'',8' 8'',215.0,6' 11''
Kris Wilkes,SF,4.90%,8.50,9.50,6' 6.25'',6' 7.75'',8' 7'',208.8,6' 10.75''
Kris Wilkes,SF,5.15%,8.75,9.25,6' 6.5'',6' 7.5'',8' 7.5'',205.0,6' 10.25''
Ky Bowman,PG,4.90%,8.25,9.00,6' 1'',6' 2.25'',8' 2'',181.2,6' 7''
Kyle Anderson,SF,13.35%,8.25,8.75,6' 7.5'',6' 8.5'',8' 11.5'',230.1,7' 2.75''
Kyle Guy,SG,5.70%,8.00,8.75,6' 0.75'',6' 2.25'',7' 11.5'',167.8,6' 4.5''
Kyle Hines,SF-PF,3.60%,-,-,6' 3.75'',6' 5.25'',8' 8.5'',234.0,7' 1.25''
Kyle Kuzma,SF-SG,9.40%,8.50,9.50,6' 8'',6' 9.5'',8' 11.5'',222.6,7' 0.25''
Kyle O'Quinn,PF,8.00%,9.50,10.00,6' 8.5'',6' 10'',8' 10.5'',240.8,7' 4.75''
Kyle Singler,SF,10.00%,8.25,8.75,6' 7.5'',6' 8.5'',8' 10'',228.0,6' 10.1''
Kyle Visser,C,10.20%,-,-,6' 10'',6' 11.5'',9' 0'',242.0,6' 11''
Kyle Wiltjer,PF,15.25%,8.25,9.50,6' 8.75'',6' 10'',8' 6.5'',242.8,7' 0.25''
Kyrie Irving,PG,10.20%,8.25,9.25,6' 1.75'',6' 3.5'',8' 3'',191.0,6' 4''
LaMarcus Aldridge,PF-C,8.70%,-,-,6' 10'',6' 11.25'',9' 2'',234.0,7' 4.75''
LaQuinton Ross,SF,16.30%,8.75,9.75,6' 6.5'',6' 7.5'',8' 10'',238.7,7' 1.75''
LaceDarius Dunn,SG,5.50%,9.00,10.25,6' 3'',6' 4'',8' 5'',187.8,6' 6.25''
Lamar Patterson,SG,10.75%,9.00,9.25,6' 4'',6' 5.25'',8' 5'',226.0,6' 11''
Lance Stephenson,SG,9.30%,9.00,10.25,6' 4.5'',6' 5.75'',8' 7'',227.0,6' 10.5''
Landry Shamet,PG,4.85%,8.00,9.00,6' 4'',6' 5.25'',8' 4'',188.6,6' 6.75''
Larry Nance,PF,6.40%,9.00,9.75,6' 7.5'',6' 8.5'',9' 0'',226.6,7' 1.5''
Larry O'Bannon,SG,-%,-,-,6' 3'',6' 4.25'',8' 3.5'',196.0,6' 6''
Larry Sanders,PF-C,4.60%,9.75,11.00,6' 9.25'',6' 10.5'',9' 4'',222.4,7' 5.75''
Lawrence Roberts,PF,9.30%,-,-,6' 7.5'',6' 9'',8' 10.5'',233.0,6' 9.5''
Lazar Hayward,SG-SF,7.50%,9.25,9.50,6' 4.5'',6' 5.75'',8' 6'',225.8,7' 0.75''
Lester Hudson,PG,3.40%,-,-,5' 11.75'',6' 1'',8' 2.5'',196.0,6' 8.75''
Longar Longar,C,10.60%,-,-,6' 9'',6' 10'',9' 1.5'',212.5,7' 1.25''
Lonnie Walker,SG,5.65%,9.00,9.50,6' 3.75'',6' 4.5'',8' 3.5'',196.2,6' 10.25''
Lorenzo Brown,PG,3.95%,8.25,8.50,6' 4'',6' 5.25'',8' 4'',189.2,6' 7''
Lou Amundson,PF,6.80%,-,-,6' 7.2'',6' 8'',8' 7.5'',221.0,6' 11.5''
Louis King,SF,4.80%,8.00,8.50,6' 6.75'',6' 8'',8' 8.5'',195.2,7' 0.25''
Luc Mbah a Moute,SF,7.00%,-,-,6' 5.75'',6' 7.5'',8' 7.5'',221.0,7' 2.5''
Luguentz Dort,PG,5.00%,8.50,9.00,6' 2.75'',6' 4.25'',8' 3.5'',222.2,6' 8.5''
Luis Flores,PG-SG,6.00%,-,-,6' 0.5'',6' 1.75'',8' 2.5'',202.0,6' 7.5''
Luka Samanic,PF,5.60%,8.50,9.00,6' 9.5'',6' 11'',8' 11'',227.2,6' 10.5''
Luke Babbitt,SF-PF,5.60%,8.50,10.00,6' 7.5'',6' 8.75'',8' 8.5'',217.8,6' 11.25''
Luke Harangody,PF,11.10%,8.75,9.75,6' 6'',6' 7.75'',8' 10'',240.2,6' 9.5''
Luke Jackson,SF-SG,8.00%,-,-,6' 6'',6' 7'',8' 7'',212.0,6' 8.5''
Luke Kennard,SG-SF,6.60%,8.00,8.75,6' 4.5'',6' 5.5'',8' 2.5'',196.2,6' 5.25''
Luke Schenscher,C,-%,-,-,6' 11.75'',7' 1.5'',9' 3.5'',241.6,7' 5''
Luol Deng,SF,6.70%,-,-,6' 7'',6' 8'',9' 0.5'',220.0,7' 0.5''
Luther Head,PG-SG,-%,-,-,6' 2'',6' 3'',8' 2.5'',178.8,6' 5.25''
Maarty Leunen,SF,8.90%,-,-,6' 7.25'',6' 8.5'',8' 6.5'',222.0,6' 8''
Major Wingate,C,6.70%,-,-,6' 8.5'',6' 10.75'',9' 1'',242.0,7' 4''
Malachi Richardson,SG-SF,7.00%,8.75,10.00,6' 4.75'',6' 6.25'',8' 5.5'',199.6,7' 0''
Malcolm Brogdon,SG,5.40%,9.00,10.25,6' 3.75'',6' 5.5'',8' 2'',223.0,6' 10.5''
Malcolm Lee,SG,5.90%,8.50,9.50,6' 4'',6' 5.5'',8' 5.5'',198.2,6' 9.75''
Malcolm Thomas,PF,5.90%,9.50,10.50,6' 7.5'',6' 8.75'',8' 11.5'',223.0,7' 0.5''
Malik Beasley,SG,6.90%,8.50,9.00,6' 3.5'',6' 4.5'',8' 4.5'',189.8,6' 7''
Malik Hairston,SG,6.90%,-,-,6' 4.25'',6' 5.25'',8' 7.5'',204.0,6' 9''
Malik Newman,SG,5.60%,8.25,9.25,6' 2.25'',6' 3.5'',8' 1.5'',182.2,6' 5.75''
Malik Newman,SG,6.25%,8.50,9.50,6' 2.5'',6' 3.25'',8' 2.5'',189.2,6' 5.5''
Manny Harris,SG,3.80%,8.50,9.00,6' 4'',6' 5.5'',8' 6'',185.1,6' 7.25''
Marcelus Kemp,SG,9.00%,-,-,6' 3'',6' 4.25'',8' 7.5'',221.0,6' 8.5''
Marcin Gortat,PF-C,-%,-,-,6' 11'',7' 0'',9' 2'',225.2,7' 3.5''
Marco Killingsworth,PF,19.00%,-,-,6' 5.5'',6' 6.75'',8' 8'',266.0,7' 3''
Marcus Campbell,C,-%,-,-,6' 10.25'',7' 0.25'',9' 6'',280.4,7' 6''
Marcus Denmon,SG,6.60%,8.25,9.75,6' 2.25'',6' 3.25'',7' 10.5'',188.2,6' 5''
Marcus Douthit,C-PF,13.70%,-,-,6' 9.5'',6' 11'',9' 3.5'',223.0,7' 4''
Marcus Dove,SF-PF,5.30%,-,-,6' 6.75'',6' 7.5'',8' 9'',208.0,6' 11.5''
Marcus Lee,PF-C,5.35%,9.00,9.00,6' 9'',6' 10.25'',8' 11.5'',211.0,7' 3''
Marcus Melvin,SF-PF,10.50%,-,-,6' 6.75'',6' 8.5'',8' 9.5'',241.0,7' 0''
Marcus Moore,PG-SG,14.80%,-,-,6' 4'',6' 5.25'',8' 5.5'',202.0,6' 9''
Marcus Morris,PF-SF,8.00%,8.25,8.50,6' 7'',6' 8.75'',8' 9.5'',229.6,6' 10''
Marcus Paige,PG,4.30%,7.75,8.75,6' 0.5'',6' 1.75'',8' 1'',163.8,6' 6.25''
Marcus Slaughter,PF-SF,8.50%,-,-,6' 7'',6' 8'',8' 8.5'',220.0,6' 11.5''
Marcus Smart,PG,10.55%,9.00,8.75,6' 2'',6' 3.25'',8' 3'',227.2,6' 9.25''
Marcus Thornton,PG-SG,5.30%,8.25,8.50,6' 1.75'',6' 2.75'',8' 1.5'',177.4,6' 7.75''
Marcus Thornton,SG,4.80%,-,-,6' 2.75'',6' 3.75'',8' 3'',194.4,6' 5''
Marcus Williams,PG,12.40%,-,-,6' 2'',6' 3.25'',8' 1.5'',215.0,6' 7''
Mardy Collins,PG-SG,10.00%,-,-,6' 4.25'',6' 5.5'',8' 7'',224.0,6' 10''
Marial Shayok,SF-PF,4.70%,8.75,9.25,6' 4.5'',6' 5.5'',8' 7.5'',196.8,7' 0.25''
Mario Boggan,PF,9.20%,-,-,6' 5'',6' 7'',8' 11'',240.0,7' 2''
Mark Tyndale,SG-SF,6.70%,-,-,6' 2.75'',6' 3.5'',8' 7.5'',217.0,6' 11''
Markel Brown,SG,4.20%,8.25,9.75,6' 2.5'',6' 3.5'',8' 4'',184.4,6' 8.75''
Markieff Morris,PF,10.20%,8.50,8.25,6' 7.75'',6' 9.25'',8' 10.5'',240.8,6' 10.75''
Marko Lekic,C,11.40%,-,-,6' 9'',6' 10.5'',9' 0.5'',267.0,7' 1''
Marko Tomas,SG-PG,9.30%,-,-,6' 6.5'',6' 7.75'',8' 7.5'',198.0,6' 7''
Marquese Chriss,PF,8.50%,9.00,9.00,6' 8.75'',6' 10'',8' 9'',233.0,7' 0.25''
Marquis Teague,PG,6.30%,8.25,7.75,6' 1'',6' 2'',8' 0.5'',179.8,6' 7.25''
Marshon Brooks,SG,5.20%,9.00,10.50,6' 4.25'',6' 5.25'',8' 5'',194.6,7' 1''
Martell Webster,SF,-%,-,-,6' 6'',6' 7.5'',8' 10'',229.6,6' 11''
Martin Iti,C-PF,10.50%,-,-,6' 8.5'',6' 9.75'',9' 3.5'',233.0,7' 5''
Martynas Andriuskevicius,C-PF,-%,-,-,7' 1.25'',7' 3'',9' 4.5'',227.8,6' 11.25''
Marvin Williams,PF-SF,-%,-,-,6' 7'',6' 8.25'',9' 0'',228.2,7' 3.5''
Mason Plumlee,C-PF,6.15%,9.75,9.50,6' 11.25'',7' 0.5'',9' 0'',238.2,6' 11''
Matt Freije,SF-PF,10.80%,-,-,6' 8.25'',6' 9.5'',9' 0.5'',234.0,7' 1''
Matt Haryasz,PF-C,9.80%,-,-,6' 9.75'',6' 11'',8' 11.5'',219.0,7' 0.25''
Maurice Ager,SG-PG,8.00%,-,-,6' 3.25'',6' 4.5'',8' 5.5'',203.0,6' 7.75''
Maurice Harkless,SF,5.30%,9.25,10.25,6' 7.25'',6' 8.75'',8' 6.5'',206.6,7' 0''
Melo Trimble,PG,10.60%,8.00,8.75,6' 1.25'',6' 2.5'',7' 11.5'',195.2,6' 2''
Melo Trimble,PG,8.35%,8.00,8.75,6' 1.25'',6' 2.5'',7' 8.5'',191.8,6' 2''
Melvin Ejim,SF,6.45%,8.75,9.25,6' 5.25'',6' 7'',8' 7.5'',218.5,6' 11.25''
Melvin Frazier,SF-SG,7.90%,9.50,9.50,6' 4.5'',6' 6'',8' 9'',198.2,7' 1.75''
Meyers Leonard,C,5.70%,9.25,11.00,6' 11.75'',7' 1.25'',9' 0'',249.8,7' 3''
Mfiondu Kabengele,PF,5.10%,9.25,10.75,6' 8.75'',6' 10.25'',9' 1.5'',256.2,7' 3''
Michael Beasley,PF-SF,7.70%,-,-,6' 7'',6' 8.25'',8' 11'',239.0,7' 0.25''
Michael Carter-Williams,PG,4.40%,7.50,8.50,6' 4.75'',6' 5.75'',8' 5'',184.4,6' 7.25''
Michael Dunigan,PF-C,8.00%,9.00,10.75,6' 8.5'',6' 10'',8' 11.5'',237.6,7' 3.25''
Michael Frazier II,SG,7.40%,8.25,9.25,6' 3.75'',6' 4.25'',8' 5.5'',199.4,6' 8''
Michael Gbinije,SG,5.40%,8.00,9.00,6' 5.5'',6' 6.75'',8' 5'',204.6,6' 7.5''
Michael Kidd-Gilchrist,SF,7.00%,9.00,10.25,6' 5.75'',6' 7.5'',8' 8.5'',232.8,7' 0''
Michael Porter,SF-PF,6.40%,8.75,9.25,6' 9.5'',6' 10.75'',9' 0.5'',211.0,7' 0.25''
Michael Qualls,SG-SF,4.00%,9.00,10.25,6' 4'',6' 5'',8' 8.5'',201.4,7' 0.25''
Michael Southhall,C,7.90%,-,-,6' 9.5'',6' 10.25'',8' 11.5'',241.0,7' 4.25''
Michel Morandais,SG-SF,8.60%,-,-,6' 3.75'',6' 4.75'',8' 6'',205.0,6' 11.5''
Mike Bell,SF-PF,-%,-,-,6' 8.75'',6' 9.25'',8' 8.5'',206.2,7' 1.5''
Mike Conley,PG,4.20%,-,-,5' 11'',6' 0.75'',7' 10.5'',175.0,6' 5.75''
Mike Muscala,C-PF,6.80%,8.50,9.00,6' 10.25'',6' 11.5'',9' 0'',230.2,7' 1''
Mike Scott,PF,10.60%,8.50,9.00,6' 7.25'',6' 8.75'',8' 8'',240.8,6' 10.75''
Mike Taylor,SG-PG,3.80%,-,-,6' 0.75'',6' 2'',8' 2'',166.2,6' 7.25''
Mike Williams,SF,9.30%,-,-,6' 5.5'',6' 6.5'',8' 9.5'',197.0,6' 11.5''
Mikhail Torrance,PG,7.00%,8.75,9.50,6' 4'',6' 5'',8' 7'',208.8,6' 7.5''
Miles Bridges,SF,5.90%,9.00,9.75,6' 5.25'',6' 6.75'',8' 7.5'',220.4,6' 9.5''
Miles Plumlee,PF-C,11.40%,9.25,9.00,6' 10.5'',6' 11.75'',8' 9.5'',252.4,7' 0.75''
Mindaugas Katelynas,SF-PF,-%,-,-,6' 7.5'',6' 8.5'',8' 9.5'',217.0,6' 11''
Misan Nikagbatse,SG-PG,12.90%,-,-,6' 3.5'',6' 4.75'',8' 6'',223.0,6' 10''
Miye Oni,SG,4.90%,9.00,10.00,6' 4.25'',6' 5.75'',8' 4.5'',205.6,6' 10.75''
Mohamed Abukar,SF,8.90%,-,-,6' 8'',6' 9.75'',8' 7'',210.0,6' 9''
Mohamed Bamba,C,6.20%,9.75,10.25,6' 11.25'',7' 0.75'',9' 7.5'',225.6,7' 10''
Monta Ellis,SG-PG,-%,-,-,6' 2.25'',6' 3.25'',8' 2'',176.6,6' 2.75''
Monte Morris,PG,6.90%,8.25,8.75,6' 1.25'',6' 2.5'',8' 0.5'',175.2,6' 4''
Montrezl Harrell,PF,11.90%,9.00,9.75,6' 7'',6' 7.5'',9' 1'',253.4,7' 4.25''
Moritz Wagner,C-PF,6.75%,9.00,10.75,6' 10.5'',6' 11.5'',9' 0'',241.4,7' 0''
Moritz Wagner,PF,6.70%,8.75,10.75,6' 10'',6' 11.25'',9' 0'',231.2,7' 0''
Morris Almond,SG-SF,6.90%,-,-,6' 4.75'',6' 6'',8' 6.5'',214.0,6' 10''
Moses Brown,C,7.80%,9.50,10.25,7' 1.25'',7' 2.5'',9' 5'',237.2,7' 4.75''
Mouhamed Sene,C,6.60%,-,-,6' 11'',7' 0'',9' 5'',237.0,7' 8.5''
Mustafa Shakur,PG,4.10%,-,-,6' 3'',6' 4.5'',8' 3'',185.0,6' 5.5''
Myck Kabongo,PG,6.00%,8.25,9.00,6' 1.25'',6' 2.75'',8' 2'',180.4,6' 6.25''
Myles Turner,C-PF,9.30%,9.25,9.25,6' 9.75'',6' 11.5'',9' 4'',238.6,7' 4''
Nassir Little,SF,5.90%,8.75,10.00,6' 4.5'',6' 6'',8' 8.5'',224.2,7' 1.25''
Nate Robinson,PG,6.70%,-,-,5' 7.75'',5' 9'',7' 7.5'',181.0,6' 1''
Nate Williams,PF-SF,12.40%,-,-,6' 8.5'',6' 10'',9' 1.5'',240.0,7' 1.5''
Nate Wolters,PG,5.50%,8.25,8.75,6' 3.5'',6' 4.75'',8' 2'',196.4,6' 3.75''
Naz Reid,PF,14.00%,9.50,9.25,6' 8.75'',6' 9.5'',9' 1'',255.8,7' 3.25''
Neemias Queta,C,6.30%,9.50,11.00,6' 10.75'',7' 0.25'',9' 3.5'',225.8,7' 4.25''
Nemanja Aleksandrov,PF-SF,-%,-,-,6' 10'',7' 0'',9' 2'',220.6,6' 11''
Nerlens Noel,C,4.15%,9.50,10.00,6' 10'',6' 11.75'',9' 2'',206.4,7' 3.75''
Nick George,SF-SG,6.00%,-,-,6' 4'',6' 5.75'',8' 7'',201.0,6' 10''
Nick Johnson,SG,6.05%,8.75,9.75,6' 1.5'',6' 3'',8' 0.5'',198.0,6' 7.25''
Nick Young,SG-SF,6.80%,-,-,6' 5'',6' 6.75'',8' 4.5'',206.0,7' 0''
Nickeil Alexander-Walker,SG,5.90%,8.50,8.75,6' 4.25'',6' 5.5'',8' 6'',203.8,6' 9.5''
Nicolas Claxton,C,4.50%,9.25,9.50,6' 10'',6' 11.75'',9' 2'',216.6,7' 2.5''
Nigel Hayes,PF,11.50%,8.75,10.00,6' 6.25'',6' 7.5'',8' 8.5'',254.2,7' 3.25''
Nigel Hayes,SF-PF,10.90%,8.50,9.50,6' 6.25'',6' 7.25'',8' 11.5'',245.0,7' 3''
Nigel Williams-Goss,PG,5.60%,8.75,9.25,6' 1.5'',6' 3'',8' 3'',190.2,6' 7.25''
Nik Caner-Medley,SF,9.60%,-,-,6' 6.5'',6' 8'',8' 7'',234.0,6' 9''
Nik Stauskas,SG,12.05%,8.50,8.50,6' 5.25'',6' 6.5'',8' 6'',206.9,6' 7.75''
Nikola Vucevic,PF-C,6.10%,9.25,10.25,6' 10.25'',6' 11.75'',9' 4.5'',259.8,7' 4.5''
Noah Vonleh,PF,7.30%,9.75,11.75,6' 8'',6' 9.5'',9' 0'',247.1,7' 4.25''
Nolan Smith,PG,5.60%,8.50,9.25,6' 1.5'',6' 3.5'',8' 3'',187.6,6' 5.5''
Norman Powell,SG,6.40%,9.25,9.00,6' 3'',6' 4.25'',8' 6.5'',215.4,6' 10.75''
Norris Cole,PG,4.70%,8.50,9.50,6' 0.25'',6' 1.75'',7' 11.5'',174.4,6' 2.25''
Norvel Pelle,PF-C,5.15%,8.75,9.50,6' 9.5'',6' 10.5'',9' 1'',207.2,7' 2.5''
O'Shae Brissett,SF-PF,2.90%,9.00,9.50,6' 7'',6' 8'',8' 8'',203.2,7' 0''
O.J. Mayo,SG-PG,6.30%,-,-,6' 3.25'',6' 4.25'',8' 3.5'',200.0,6' 6''
OG Anunoby,SF,6.80%,9.25,9.50,6' 6.25'',6' 7.75'',8' 11.5'',232.4,7' 2.25''
Olivier Hanlan,PG-SG,4.30%,8.00,8.75,6' 3.25'',6' 4.25'',8' 4'',185.8,6' 6''
Omar Quintero,PG,14.10%,-,-,5' 9.75'',5' 11.25'',7' 8.5'',170.0,5' 11.5''
Omar Thomas,SF-SG,-%,-,-,6' 3.25'',6' 4.5'',8' 6'',200.0,6' 8''
Omari Spellman,PF-C,13.75%,9.00,9.00,6' 8'',6' 9.25'',8' 11.5'',253.8,7' 2''
Omer Yurtseven,C,7.60%,9.00,10.50,6' 10.5'',6' 11.75'',9' 0.5'',248.4,7' 1''
Omri Casspi,SF,8.60%,-,-,6' 7.75'',6' 9.25'',8' 10.5'',211.2,6' 9.25''
Orlando Johnson,SG,7.00%,9.00,9.50,6' 3.75'',6' 5.25'',8' 3'',223.8,6' 11.25''
Othello Hunter,PF-SF,6.40%,-,-,6' 6.5'',6' 7.5'',9' 1.5'',220.0,7' 3''
Otto Porter,SF,6.65%,8.75,9.25,6' 7.5'',6' 8.5'',8' 9.5'',197.6,7' 1.5''
P.J. Hairston,SG,8.20%,8.75,9.75,6' 4.25'',6' 5.25'',8' 5'',228.8,6' 9''
P.J. Washington,PF,8.60%,9.00,10.25,6' 6.5'',6' 8'',8' 10.5'',230.4,7' 2.25''
PJ Dozier,SG,6.10%,8.50,9.50,6' 5.25'',6' 6.75'',8' 5'',200.6,6' 11''
PJ Washington,PF,6.85%,9.00,10.25,6' 6.5'',6' 8'',8' 11'',223.0,7' 2.5''
Pape Sow,PF-C,9.30%,-,-,6' 8.5'',6' 10'',9' 0.5'',233.0,7' 2''
Pascal Siakam,PF,5.20%,9.25,10.00,6' 8.25'',6' 9.5'',8' 11.5'',226.6,7' 3.25''
Pat Calathes,SF-PF,7.30%,-,-,6' 8.75'',6' 9.75'',8' 10'',204.0,6' 9.75''
Pat Connaughton,SG,10.20%,8.50,9.25,6' 4'',6' 5.25'',8' 0'',215.0,6' 8''
Patric Young,PF,5.45%,9.25,9.50,6' 8.5'',6' 10'',8' 7.5'',246.8,7' 1.75''
Patrick Ewing Jr.,SF-PF,9.40%,-,-,6' 6'',6' 7.25'',8' 1.5'',224.0,7' 0.25''
Patrick McCaw,PG-SG,4.70%,8.75,8.75,6' 5.25'',6' 6.75'',8' 4.5'',180.8,6' 10''
Patrick O'Bryant,C,10.00%,-,-,6' 11'',7' 0'',9' 5'',249.0,7' 5.75''
Patrick Patterson,PF,5.30%,9.25,10.25,6' 8'',6' 9.25'',8' 11'',239.6,7' 1.25''
Patty Mills,PG,6.90%,-,-,5' 11.25'',6' 0.5'',7' 11'',175.4,6' 2''
Paul George,SF,5.00%,8.50,9.00,6' 7.75'',6' 8.75'',8' 11'',214.4,6' 11.25''
Paul Miller,PF-C,13.80%,-,-,6' 8.5'',6' 9.25'',8' 5.5'',251.0,7' 0''
Paul Millsap,PF,9.70%,-,-,6' 6.25'',6' 7.25'',8' 9.5'',258.0,7' 1.5''
Perry Ellis,PF,4.60%,8.00,8.50,6' 7'',6' 8.25'',8' 6'',217.8,6' 10.25''
Perry Jones,PF-SF,4.60%,9.25,9.50,6' 10.25'',6' 11.25'',8' 11'',233.8,7' 1.75''
Peter Jok,SG-SF,11.00%,8.25,9.50,6' 4.25'',6' 5.75'',8' 6'',202.4,6' 8''
Peter Ramos,C,6.70%,-,-,7' 1.75'',7' 3.25'',9' 3.5'',266.0,7' 5.5''
Peyton Siva,PG,6.05%,8.00,9.75,5' 11.5'',6' 1'',7' 9'',180.6,6' 3''
Phil Pressey,PG,4.70%,7.75,9.75,5' 9.5'',5' 11.5'',7' 8'',177.0,6' 2.25''
Pierre Jackson,PG,4.50%,7.50,8.25,5' 9.5'',5' 10.5'',7' 6'',176.0,5' 10''
Pops Mensah-Bonsu,PF-C,5.80%,-,-,6' 7.5'',6' 9'',8' 9.5'',232.0,7' 0''
Quan Prowell,SF-PF,6.50%,-,-,6' 6.75'',6' 7.75'',8' 7.5'',225.5,6' 10.5''
Quentin Grimes,SG,8.40%,8.25,10.00,6' 4'',6' 5.25'',8' 4.5'',209.6,6' 7.75''
Quincy Acy,PF,7.10%,9.50,11.00,6' 6.5'',6' 7.75'',8' 10.5'',223.8,7' 2.75''
Quincy Miller,SF,7.80%,9.25,10.25,6' 8.75'',6' 10'',8' 9'',218.7,7' 1.25''
Quinn Cook,PG,6.70%,7.50,8.75,6' 0.25'',6' 2'',8' 0.5'',179.0,6' 4''
Quinndary Weatherspoon,SG,6.10%,8.50,9.00,6' 3'',6' 4.25'',8' 4'',206.6,6' 9''
Quinton Hosley,SF-SG,5.70%,-,-,6' 5'',6' 7.75'',8' 9'',215.0,6' 11.25''
R.J. Hunter,SG,6.00%,8.50,8.25,6' 4.5'',6' 6'',8' 8'',185.0,6' 10.5''
Rakeem Christmas,PF-C,9.60%,9.25,9.00,6' 8.25'',6' 9.75'',9' 2.5'',242.6,7' 5.25''
Ramel Bradley,PG-SG,5.70%,-,-,6' 1.25'',6' 2.25'',8' 2'',184.0,6' 5''
Ramon Sessions,PG,6.20%,-,-,6' 2'',6' 3.75'',8' 1.5'',185.0,6' 4.25''
Randall Orr,PF-SF,6.70%,-,-,6' 9'',6' 10.75'',8' 11.5'',193.0,6' 10.5''
Randy Foye,SG-PG,10.00%,-,-,6' 2.25'',6' 3.25'',8' 1'',212.0,6' 6.25''
Rashad Anderson,SG,17.30%,-,-,6' 3.25'',6' 4.5'',8' 4'',224.0,6' 7''
Rashad Jones-Jennings,PF,5.90%,-,-,6' 6'',6' 7.5'',8' 9.5'',235.0,7' 0''
Rashad McCants,SG,-%,-,-,6' 2.75'',6' 4'',8' 7.5'',201.0,6' 10.75''
Rashad Vaughn,SG,6.20%,8.00,8.50,6' 3.75'',6' 5'',8' 5'',198.6,6' 7''
Rashad Wright,PG,8.00%,-,-,6' 0.5'',6' 1.75'',8' 2.5'',190.0,6' 10''
Rashaun Freeman,PF,11.50%,-,-,6' 6'',6' 8'',8' 8'',244.0,6' 11.5''
Rawle Alkins,SG,8.90%,8.50,10.00,6' 2.75'',6' 4.25'',8' 3'',217.4,6' 8.75''
Rawle Alkins,SG-SF,11.00%,8.75,10.00,6' 2.5'',6' 3.75'',8' 3'',222.6,6' 8.75''
Rawle Marshall,SG-SF,-%,-,-,6' 4.5'',6' 5.75'',8' 8'',186.6,7' 1''
Ray McCallum,PG,7.30%,8.00,8.75,6' 0.25'',6' 1.75'',8' 0.5'',191.4,6' 3.25''
Ray Spalding,PF,5.55%,9.25,9.00,6' 9'',6' 10.25'',9' 1'',215.4,7' 4.75''
Raymond Felton,PG,-%,-,-,5' 11.5'',6' 0.25'',8' 2'',199.4,6' 4.25''
Reggie Bullock,SG-SF,6.95%,8.50,9.00,6' 5.75'',6' 7'',8' 6'',199.8,6' 8.75''
Reggie Perry,SF-PF,6.70%,9.00,10.00,6' 8'',6' 9.25'',8' 10'',250.8,7' 0.5''
Reggie Williams,SG,5.30%,-,-,6' 3.25'',6' 4'',8' 7'',199.0,6' 9.25''
Renaldas Seibutis,SG,6.10%,-,-,6' 4'',6' 5.75'',8' 5'',185.0,6' 8.75''
Renaldo Balkman,SF-PF,4.90%,-,-,6' 5.25'',6' 6.5'',8' 8.5'',206.0,7' 1''
Reyshawn Terry,SF,8.90%,-,-,6' 6.75'',6' 7.5'',8' 7.5'',222.0,6' 10''
Rich Melzer,PF-SF,12.40%,-,-,6' 7.5'',6' 8.75'',8' 11'',229.0,7' 2''
Richard Hendrix,PF,9.20%,-,-,6' 6.75'',6' 8.75'',9' 0'',250.0,7' 3''
Richard Howell,PF,8.75%,8.75,9.50,6' 6.25'',6' 7.5'',8' 9.5'',249.6,6' 10.25''
Richard Roby,SG-SF,9.20%,-,-,6' 4.25'',6' 5.5'',8' 8'',203.0,6' 9.75''
Richaun Holmes,PF,8.80%,8.50,8.50,6' 8.25'',6' 9.5'',9' 0'',242.8,7' 1.5''
Rick Jackson,PF,8.30%,8.75,9.50,6' 8.25'',6' 9.25'',8' 10.5'',241.8,7' 2''
Rickey Paulding,SG,5.30%,-,-,6' 2.75'',6' 4'',8' 5.5'',210.0,6' 9.5''
Ricky Ledo,SG,10.25%,8.50,9.25,6' 4.75'',6' 6'',8' 6.5'',197.2,6' 7.25''
Ricky Minard,PG-SG,8.00%,-,-,6' 3.25'',6' 4.25'',8' 5.5'',198.0,6' 7''
Robbie Hummel,SF,9.40%,8.50,9.50,6' 7.25'',6' 8.5'',8' 6'',218.0,6' 8.5''
Robert Covington,SF-PF,4.70%,9.00,8.50,6' 6.25'',6' 7.5'',8' 10'',208.6,7' 1.75''
Robert Upshaw,C,12.50%,10.00,11.00,6' 10.75'',7' 0'',9' 5'',258.2,7' 5.5''
Robert Vaden,SG,6.20%,-,-,6' 3.5'',6' 4.5'',8' 5'',199.0,6' 8''
Robert Whaley,PF-C,-%,-,-,6' 8'',6' 9'',9' 0'',269.4,7' 2''
Rodney Carney,SG-SF,5.30%,-,-,6' 4.5'',6' 5.75'',8' 7.5'',204.0,6' 10''
Rodney Hood,SF,7.45%,8.50,8.50,6' 7.25'',6' 8.5'',8' 7'',208.2,6' 8.5''
Rodney Stuckey,SG-PG,6.10%,-,-,6' 3.75'',6' 4.5'',8' 4.5'',207.0,6' 7.25''
Rodrigue Beaubois,PG,7.90%,-,-,6' 1.25'',6' 2.25'',8' 4'',182.4,6' 9.75''
Roger Powell,SF,-%,-,-,6' 4.75'',6' 6'',8' 8'',218.6,6' 11.5''
Rolando Howell,PF,11.70%,-,-,6' 7.5'',6' 8.5'',8' 11'',229.0,7' 0.5''
Romain Sato,SG,6.00%,-,-,6' 2'',6' 3.25'',8' 6.5'',204.0,6' 11''
Romeo Langford,SG,-%,9.00,9.00,6' 4.5'',6' 6'',8' 7'',-,6' 11''
Ron Baker,SG,7.85%,8.75,9.50,6' 3.25'',6' 4.25'',8' 1.5'',212.4,6' 9.75''
Ron Lewis,SG,4.50%,-,-,6' 2'',6' 4.5'',8' 3'',194.0,6' 6.5''
Ronald Steele,PG,8.10%,-,-,6' 0.25'',6' 1.5'',8' 1.5'',183.5,6' 4.25''
Rondae Hollis-Jefferson,SF,5.00%,8.75,9.75,6' 5.5'',6' 7'',8' 8'',210.8,7' 2''
Ronnie Brewer,SG-PG,5.00%,-,-,6' 5.75'',6' 6.75'',8' 7.5'',223.0,6' 11.25''
Ronnie Price,PG,-%,-,-,6' 0.75'',6' 2.25'',8' 0.5'',184.8,6' 5.5''
Ronny Turiaf,PF,-%,-,-,6' 8'',6' 9.25'',8' 10.5'',237.8,7' 1.5''
Royce White,PF,10.60%,9.50,11.50,6' 7'',6' 8'',8' 8.5'',260.6,7' 0''
Rudy Fernandez,SG,-%,-,-,6' 4.75'',6' 6'',8' 5.5'',172.0,6' 7.5''
Rudy Gay,SF-PF,5.70%,-,-,6' 7'',6' 8'',8' 11.5'',222.0,7' 3''
Rudy Gobert,C,4.40%,9.75,10.00,7' 0.5'',7' 2'',9' 7'',237.6,7' 8.5''
Russ Smith,PG,3.50%,8.25,8.50,5' 11.5'',6' 0.75'',7' 11'',160.0,6' 3.5''
Russell Carter,SG,6.00%,-,-,6' 3'',6' 4.5'',8' 1.5'',221.0,6' 8.5''
Russell Robinson,PG,7.40%,-,-,6' 0.5'',6' 1.5'',8' 4.5'',196.0,6' 8''
Russell Westbrook,PG,4.80%,-,-,6' 2.25'',6' 3.5'',8' 4'',192.0,6' 7.75''
Ryan Boatright,PG,6.60%,7.50,8.75,5' 10'',5' 11'',7' 8.5'',169.6,6' 0.5''
Ryan Gomes,SF-PF,-%,-,-,6' 6.5'',6' 7.75'',8' 10.5'',248.0,7' 2''
Ryan Kelly,PF,14.75%,9.00,10.00,6' 9.75'',6' 11.75'',9' 2'',228.0,6' 11.5''
Ryan Richards,PF,8.00%,9.00,9.75,6' 10.5'',6' 11.75'',9' 2'',230.2,7' 1.5''
Ryvon Covile,C-PF,8.00%,-,-,6' 7'',6' 8.5'',8' 11.5'',250.0,7' 1.25''
Sagaba Konate,C,7.35%,9.25,10.00,6' 6.5'',6' 7.5'',8' 10.5'',246.0,7' 0''
Sam Dekker,SF,7.50%,8.50,9.25,6' 7.75'',6' 9'',8' 10'',218.6,6' 11.5''
Sam Young,SF-SG,4.90%,-,-,6' 5.25'',6' 6.75'',8' 9.5'',222.8,6' 10.75''
Sammy Mejia,SG,8.30%,-,-,6' 5'',6' 7'',8' 9'',218.0,6' 11''
Sasha Kaun,C-PF,9.60%,-,-,6' 9'',6' 10.75'',9' 2'',247.0,7' 4''
Scott Machado,PG,5.80%,8.50,9.50,6' 1'',6' 2'',7' 10.5'',205.8,6' 4''
Scotty Hopson,SG,4.80%,8.50,10.00,6' 5.75'',6' 6.5'',8' 7.5'',204.6,6' 10.5''
Sean Banks,SF,-%,-,-,6' 5.75'',6' 7'',9' 0'',206.4,7' 1''
Sean Dockery,PG-SG,7.30%,-,-,6' 0.75'',6' 2'',7' 11.5'',182.0,6' 4.5''
Sean Kilpatrick,SG,9.20%,9.00,9.00,6' 2.5'',6' 4.25'',8' 3'',218.7,6' 7''
Sean May,PF,-%,-,-,6' 7'',6' 8.5'',8' 9'',258.8,7' 1.25''
Sean Singletary,PG,4.20%,-,-,5' 11'',6' 0'',7' 11'',183.8,6' 4.5''
Semaj Christon,PG,5.25%,8.50,8.25,6' 1.5'',6' 3.25'',8' 3'',186.0,6' 6.5''
Semi Ojeleye,SF-SG,5.50%,8.75,9.50,6' 5.25'',6' 6.75'',8' 6'',241.4,6' 9.75''
Sergei Lishouk,PF-SF,10.50%,-,-,6' 10.25'',6' 11.5'',9' 1.5'',244.0,7' 0''
Seth Curry,SG,9.60%,8.00,8.25,6' 1'',6' 3'',8' 1.5'',179.2,6' 4''
Shabazz Muhammad,SF-SG,9.00%,9.00,10.00,6' 4.75'',6' 6.25'',8' 8.5'',221.8,6' 11''
Shabazz Napier,PG,7.35%,8.25,8.50,5' 11'',6' 1'',7' 9'',175.2,6' 3.25''
Shai Gilgeous-Alexander,PG,3.00%,9.00,9.00,6' 4.5'',6' 6'',8' 8'',180.0,6' 11.5''
Shake Milton,SG-PG,6.80%,8.75,9.50,6' 4.5'',6' 5.5'',8' 3.5'',207.2,7' 0.75''
Shamorie Ponds,PG,9.80%,7.75,8.00,5' 11.5'',6' 0.5'',8' 0.5'',180.0,6' 3.5''
Shan Foster,SG,6.30%,-,-,6' 4'',6' 5.25'',8' 7.5'',194.5,6' 11.5''
Shane Larkin,PG,3.80%,7.50,8.75,5' 10.25'',5' 11.5'',7' 5.5'',170.8,5' 10.75''
Sharrod Ford,PF,-%,-,-,6' 7.25'',6' 8.25'',8' 10'',212.8,7' 1.5''
Shaun Livingston,PG-SG,6.70%,-,-,6' 6.25'',6' 7.5'',8' 9.5'',186.0,6' 11''
Shaun Pruitt,C-PF,13.80%,-,-,6' 8.25'',6' 9'',8' 11.5'',242.2,7' 1''
Shawn James,PF,9.20%,-,-,6' 7.75'',6' 9'',9' 3'',217.0,7' 5''
Shawne Williams,SF-PF,8.00%,-,-,6' 7.25'',6' 8.75'',8' 8'',227.0,7' 3''
Shelden Williams,PF-C,11.40%,-,-,6' 7.5'',6' 8.5'',8' 8'',258.0,7' 4.25''
Shelvin Mack,PG,7.10%,8.25,9.25,6' 1'',6' 2.5'',8' 0.5'',209.0,6' 7.5''
Sherron Collins,PG,9.20%,8.50,9.50,5' 10.25'',5' 11.75'',7' 10'',217.2,6' 2.5''
Simisola Shittu,PF,6.20%,8.75,8.50,6' 8.5'',6' 9.5'',8' 10'',227.2,7' 1.25''
Sindarius Thornwell,SG-SF,7.80%,8.75,8.75,6' 3.5'',6' 4.75'',8' 7'',211.6,6' 10''
Skal Labissiere,PF-C,5.70%,8.75,9.00,6' 10.5'',6' 11.75'',8' 9.5'',215.8,7' 2.5''
Solomon Alabi,C,5.00%,9.25,9.25,6' 11.5'',7' 0.75'',9' 5'',237.4,7' 5''
Solomon Hill,SF,7.60%,9.00,10.50,6' 5.5'',6' 7'',8' 7'',226.0,6' 9''
Solomon Jones,PF-C,7.40%,-,-,6' 8.5'',6' 9.75'',9' 1'',224.0,7' 4.75''
Sonny Weems,SG-SF,4.40%,-,-,6' 4'',6' 5.5'',8' 8'',193.0,6' 10''
Spencer Dinwiddie,PG,5.35%,8.25,9.00,6' 4.5'',6' 6'',8' 7'',204.9,6' 8.25''
Spencer Hawes,PF,13.00%,-,-,6' 10'',7' 0.75'',9' 2'',244.0,7' 0.5''
Stanley Burrell,PG,5.60%,-,-,6' 1.5'',6' 2.5'',8' 1.5'',201.0,6' 6.25''
Stanley Johnson,SF,7.50%,9.00,9.00,6' 5'',6' 6.5'',8' 6'',241.8,6' 11.5''
Stanley Robinson,SF,8.30%,9.00,9.00,6' 6.5'',6' 7.75'',8' 11.5'',213.2,7' 0''
Stephane Lasme,PF,4.90%,-,-,6' 5'',6' 7'',8' 11'',213.0,7' 2''
Stephen Curry,PG-SG,5.70%,-,-,6' 2'',6' 3.25'',8' 1'',181.0,6' 3.5''
Stephen Zimmerman,C,11.15%,9.00,9.00,6' 10.25'',6' 11.75'',9' 0.5'',234.0,7' 3.25''
Steve Novak,SF,8.10%,-,-,6' 8'',6' 9.25'',8' 7'',216.0,6' 9.5''
Steven Adams,C,6.65%,9.50,11.00,6' 10.75'',7' 0'',9' 1.5'',254.5,7' 4.5''
Steven Smith,SF-PF,7.80%,-,-,6' 7.5'',6' 9.25'',8' 8'',238.0,7' 0.5''
Svi Mykhailiuk,SG-SF,11.40%,8.00,9.25,6' 6.5'',6' 7.5'',8' 4'',219.6,6' 5''
Sviatoslav Mykhailiuk,SG-SF,8.45%,8.25,9.50,6' 6.5'',6' 7.75'',8' 4'',211.6,6' 4.75''
Sylven Landesberg,SG,11.60%,8.75,10.75,6' 4.75'',6' 6.25'',8' 4.5'',210.0,6' 9''
T.J. Warren,SF,7.95%,8.75,9.00,6' 7'',6' 8.25'',8' 8'',220.2,6' 10.25''
TJ Cummings,SF,6.70%,-,-,6' 7.5'',6' 8.75'',8' 10.5'',215.0,6' 9.5''
TJ Leaf,PF,6.80%,8.50,9.50,6' 8.75'',6' 9.75'',8' 11'',222.2,6' 11''
TJ McConnell,PG,7.30%,7.50,7.00,6' 0.5'',6' 2'',8' 0.5'',187.8,6' 2''
Tacko Fall,C,6.80%,10.50,10.50,7' 5.25'',7' 7'',10' 2.5'',288.8,8' 2.25''
Taj Gibson,PF,6.60%,-,-,6' 8.5'',6' 9.75'',9' 1'',214.4,7' 4''
Taj Gray,PF-SF,6.80%,-,-,6' 7.25'',6' 8.5'',8' 11'',231.0,7' 0.75''
Takais Brown,PF,9.20%,-,-,6' 7.25'',6' 8.5'',8' 10'',252.0,6' 10''
Talen Horton-Tucker,SG,8.40%,9.50,9.75,6' 2.5'',6' 4'',8' 7'',235.4,7' 1.25''
Taquan Dean,SG-PG,3.90%,-,-,6' 2'',6' 3'',8' 2'',183.0,6' 6.75''
Tarence Kinsey,SF-SG,4.10%,-,-,6' 4.75'',6' 5.5'',8' 4.5'',179.0,6' 6.75''
Taurean Green,PG,4.60%,-,-,5' 11'',6' 0.75'',8' 0'',173.0,6' 2.25''
Taurean Prince,SF,6.45%,9.00,8.50,6' 6.5'',6' 7.75'',8' 6'',220.2,6' 11.5''
Taylor Coppenrath,PF-SF,-%,-,-,6' 7.75'',6' 9.25'',8' 10.5'',252.4,6' 11.5''
Tedric Hill,SF-PF,7.30%,-,-,6' 7.75'',6' 9'',8' 11'',236.0,7' 1''
Terance Mann,SG-SF,4.00%,9.50,9.25,6' 4.75'',6' 6.5'',8' 5'',204.6,6' 7.75''
Terence Davis,SG,4.10%,9.25,10.75,6' 3'',6' 4.5'',8' 5'',192.4,6' 8.75''
Terence Dials,PF-C,15.80%,-,-,6' 7.75'',6' 9'',8' 10'',253.0,7' 0''
Terran Petteway,SG,4.90%,8.25,8.25,6' 4.75'',6' 6'',8' 8.5'',209.2,6' 11.25''
Terrance Ferguson,SG-SF,5.80%,8.50,10.00,6' 5.5'',6' 7'',8' 7'',184.4,6' 8.75''
Terrence Jones,PF-SF,7.70%,9.00,10.00,6' 8.25'',6' 9.5'',8' 11'',252.0,7' 2.25''
Terrence Ross,SG-SF,3.20%,8.75,10.25,6' 6'',6' 7'',8' 4.5'',196.6,6' 7.25''
Terrence Williams,SG-SF,5.10%,-,-,6' 5'',6' 6.25'',8' 7.5'',213.2,6' 9''
Terrico White,SG-PG,3.70%,9.00,10.50,6' 3.75'',6' 5'',8' 5'',202.6,6' 9''
Terry Rozier,PG-SG,5.60%,8.25,8.50,6' 0.5'',6' 2.25'',8' 2.5'',190.2,6' 8.25''
Thaddeus Young,SF,4.90%,-,-,6' 5.75'',6' 7.5'',8' 10'',210.0,6' 11.5''
Thanasis Antetokounmpo,SF,6.05%,9.00,9.75,6' 5.25'',6' 6.25'',8' 8.5'',205.2,7' 0''
Theo Pinson,SG-SF,7.35%,9.00,9.00,6' 5'',6' 6.75'',8' 7.5'',211.2,6' 10.75''
Thomas Bryant,PF-C,9.40%,9.50,10.25,6' 9.5'',6' 10.75'',9' 4.5'',247.8,7' 6''
Thomas Robinson,PF,5.00%,9.75,10.50,6' 7.75'',6' 8.75'',8' 10'',244.2,7' 3.25''
Thomas Welsh,PF-C,10.90%,9.00,10.50,6' 11.5'',7' 0.5'',9' 1.5'',254.0,7' 0''
Thon Maker,PF,6.05%,8.75,9.50,6' 11.75'',7' 0.75'',9' 2.5'',216.0,7' 3''
Tiago Splitter,C-PF,5.30%,-,-,6' 10.25'',6' 11.75'',9' 1.5'',233.0,7' 2''
Tim Bowers,PG-SG,2.60%,-,-,6' 0.5'',6' 1.75'',8' 2'',181.0,6' 9''
Tim Hardaway Jr.,SG,6.05%,8.00,9.25,6' 4.5'',6' 6.25'',8' 5'',199.4,6' 7''
Tim Pickett,PG-SG,6.00%,-,-,6' 3'',6' 4.25'',8' 4.5'',207.0,6' 7.5''
Tobias Harris,SF-PF,8.40%,8.75,9.00,6' 6.5'',6' 7.75'',8' 7.5'',222.8,6' 11''
Tom Timmerrmans,PF-C,15.20%,-,-,6' 10.5'',6' 11.5'',8' 11.5'',272.0,6' 11''
Tomas Satoransky,PG-SG,5.20%,8.50,9.50,6' 6.5'',6' 7.5'',8' 4'',200.6,6' 7.25''
Toney Douglas,PG,5.20%,-,-,6' 1'',6' 2'',8' 1.5'',183.4,6' 6''
Tony Allen,SG,6.70%,-,-,6' 3.5'',6' 4.25'',8' 6'',214.0,6' 9''
Tony Bobbitt,SG,7.30%,-,-,6' 2.75'',6' 4'',8' 4'',185.0,6' 7''
Tony Bradley,C,12.00%,9.50,9.50,6' 9.25'',6' 10.75'',9' 4.5'',248.8,7' 5''
Tony Carr,PG,6.50%,8.50,9.75,6' 3'',6' 4.5'',8' 4'',198.8,6' 8.25''
Tony Mitchell,PF-SF,5.55%,9.00,10.00,6' 7.5'',6' 8.75'',8' 10.5'',236.4,7' 2.5''
Tony Mitchell,SG,5.70%,8.50,10.00,6' 5.25'',6' 6.25'',8' 4'',216.4,6' 10''
Tony Snell,SF-SG,4.85%,9.00,9.50,6' 6'',6' 7.25'',8' 9.5'',198.2,6' 11.5''
Tony Wroten,PG,5.20%,8.00,9.00,6' 4.75'',6' 6'',8' 5'',203.2,6' 9''
Torin Francis,PF-C,12.40%,-,-,6' 9'',6' 10'',8' 9.5'',247.0,7' 1''
Trae Young,PG,5.35%,8.00,9.25,6' 0.5'',6' 1.75'',7' 11.5'',177.8,6' 3''
Travis Diener,PG-SG,-%,-,-,5' 11.75'',6' 1'',7' 9.5'',165.2,5' 11.75''
Travis Leslie,SG,8.10%,8.75,9.25,6' 3'',6' 4.25'',8' 7'',205.0,6' 10.5''
Tre Simmons,SG-SF,-%,-,-,6' 4'',6' 5'',8' 6.5'',194.2,6' 7.5''
Tremont Waters,PG,6.60%,8.00,9.75,5' 9.5'',5' 10.75'',7' 9.5'',172.4,6' 2.25''
Trent Plaisted,PF,11.00%,-,-,6' 9.25'',6' 10.25'',8' 9.5'',240.0,6' 10.5''
Treveon Graham,SF,5.50%,8.50,8.25,6' 4'',6' 5.75'',8' 7'',219.4,6' 10.5''
Trevon Duval,PG,5.20%,8.75,10.00,6' 1.5'',6' 2.5'',8' 1.5'',191.0,6' 8.25''
Trevor Ariza,SG-SF,8.00%,-,-,6' 7'',6' 8.25'',8' 11.5'',201.0,7' 2''
Trevor Booker,PF,7.30%,9.00,9.50,6' 6.25'',6' 7.5'',8' 10'',235.8,6' 9.75''
Trevor Mbakwe,PF,5.90%,9.50,11.50,6' 6.75'',6' 8'',8' 10.5'',235.8,7' 4''
Trey Burke,PG,6.90%,8.25,8.75,5' 11.75'',6' 1.25'',8' 1.5'',187.0,6' 5.5''
Trey Johnson,SG,5.40%,-,-,6' 3'',6' 5.75'',8' 2'',216.0,6' 5''
Trey Lyles,PF,12.10%,9.25,10.25,6' 9'',6' 10.25'',9' 0'',241.2,7' 1.5''
Trey Thompkins,PF,15.50%,9.25,9.75,6' 8.5'',6' 9.75'',8' 11.5'',239.0,7' 1''
Tristan Thompson,PF,6.20%,8.75,9.25,6' 7.5'',6' 8.75'',9' 0.5'',227.4,7' 1.25''
Troy Brown,SF,7.05%,9.00,9.75,6' 5.75'',6' 6.75'',8' 9'',208.0,6' 10.25''
Troy Williams,SF,10.00%,8.25,9.25,6' 5.75'',6' 6.75'',8' 6'',217.8,6' 8.25''
Tu Holloway,PG,8.50%,8.75,10.00,5' 10.5'',5' 11.75'',7' 10.5'',186.8,6' 5.5''
Ty Jerome,PG,6.50%,8.25,9.50,6' 4.25'',6' 5.5'',8' 2'',194.4,6' 4''
Ty Lawson,PG,6.60%,-,-,5' 11.25'',6' 0.5'',7' 10.5'',196.6,6' 0.75''
Tyler Cook,PF,6.10%,9.50,10.75,6' 7.25'',6' 8.75'',8' 10.5'',245.4,7' 0.5''
Tyler Dorsey,SG,4.70%,8.50,9.25,6' 3'',6' 4.5'',8' 3.5'',182.6,6' 5.25''
Tyler Ennis,PG,6.20%,8.25,8.75,6' 1'',6' 2.5'',8' 2'',181.5,6' 7.25''
Tyler Hansbrough,PF,8.50%,-,-,6' 8.25'',6' 9.5'',8' 10'',234.2,6' 11.5''
Tyler Harvey,SG,9.20%,7.75,8.75,6' 2.75'',6' 4'',8' 2.5'',181.4,6' 5.5''
Tyler Herro,SG,7.10%,8.00,8.75,6' 4.5'',6' 6'',8' 4.5'',192.4,6' 3.25''
Tyler Honeycutt,SF,5.30%,8.50,9.50,6' 6.75'',6' 8.25'',8' 9'',186.8,6' 9''
Tyler Lydon,PF,13.60%,8.75,8.75,6' 8.25'',6' 9.5'',8' 11.5'',215.0,7' 0''
Tyler Smith,SF,7.00%,-,-,6' 5.25'',6' 6'',8' 8.5'',212.0,6' 9.75''
Tyler Ulis,PG,5.20%,7.50,7.50,5' 8.75'',5' 10'',7' 4.5'',149.2,6' 2''
Tyler Zeller,PF-C,6.40%,9.00,9.75,6' 11.25'',7' 0.5'',8' 8.5'',247.4,7' 0''
Tyreke Evans,PG-SG,7.10%,-,-,6' 4'',6' 5.25'',8' 8'',220.6,6' 11.25''
Tyrone Brazelton,PG,8.10%,-,-,5' 10'',5' 11'',7' 10'',166.0,6' 1.75''
Tyrus Thomas,PF-SF,5.60%,-,-,6' 7.25'',6' 8.25'',9' 0'',217.0,7' 3''
Tyshawn Taylor,PG,4.20%,8.75,8.75,6' 2.75'',6' 4'',8' 1.5'',177.0,6' 6.25''
Tyus Battle,SG,4.00%,8.50,9.25,6' 5'',6' 6.75'',8' 6'',200.2,6' 9''
Tyus Jones,PG,6.50%,8.25,8.75,6' 0.5'',6' 2'',8' 1'',184.6,6' 5''
Udoka Azubuike,C,7.95%,9.50,10.00,6' 10'',7' 0.25'',9' 4.5'',273.8,7' 7''
V.J. Beachem,SG-SF,6.80%,8.50,9.00,6' 6.25'',6' 8'',8' 8.5'',193.4,6' 10.25''
Vander Blue,SG,4.60%,8.50,9.50,6' 3.5'',6' 5.25'',8' 4.5'',197.4,6' 6''
Victor Oladipo,SG,6.55%,8.75,9.25,6' 3.25'',6' 4.25'',8' 4.5'',213.2,6' 9.25''
Viktor Keyru,SG-PG,5.50%,-,-,6' 5.25'',6' 6'',8' 8'',202.0,6' 9.25''
Vince Hunter,PF,4.60%,9.00,8.75,6' 6.75'',6' 7.5'',8' 8.5'',208.4,6' 11''
Vladimir Golubovic,C,6.90%,-,-,6' 11.25'',7' 0.25'',9' 3.5'',258.0,7' 2.5''
Wade Baldwin IV,PG,5.20%,9.00,9.75,6' 2.5'',6' 4'',8' 4'',201.8,6' 11.25''
Wayne Ellington,SG,5.50%,-,-,6' 4.25'',6' 5.25'',8' 4'',202.4,6' 6.5''
Wayne Selden,SG,7.30%,9.00,9.25,6' 4.25'',6' 5.75'',8' 5'',232.4,6' 10.5''
Wayne Simien,PF,-%,-,-,6' 7.25'',6' 9'',8' 11'',255.8,7' 0''
Wendell Carter,C-PF,7.85%,8.50,9.00,6' 8.75'',6' 10'',9' 1'',251.4,7' 4.5''
Wesley Iwundu,SG-SF,4.00%,8.75,9.50,6' 5.5'',6' 6.75'',8' 9.5'',193.4,7' 1''
Wesley Johnson,SF,4.60%,9.00,9.50,6' 6.25'',6' 7.25'',8' 10'',206.4,7' 1''
Will Barton,SG-SF,4.10%,9.00,9.50,6' 5'',6' 6'',8' 6.5'',174.4,6' 9.75''
Will Blalock,PG,7.20%,-,-,5' 11.25'',6' 0.5'',8' 0.5'',194.0,6' 6''
Will Bynum,PG-SG,-%,-,-,5' 10.5'',5' 11.5'',7' 9'',188.8,6' 3.5''
Will Clyburn,SF-SG,6.85%,9.25,10.25,6' 5.75'',6' 7'',8' 9'',210.4,7' 0.25''
Will Conroy,PG,-%,-,-,6' 1'',6' 2'',8' 0.5'',188.6,6' 3''
William Buford,SG-SF,11.30%,8.75,10.00,6' 4'',6' 5'',8' 6'',214.6,6' 9.5''
Willie Cauley-Stein,C,6.30%,9.50,9.00,6' 11.25'',7' 0.5'',9' 3'',242.4,7' 3''
Willie Warren,SG-PG,7.60%,8.50,9.50,6' 2.5'',6' 3.75'',8' 3.5'',208.4,6' 6''
Xavier Henry,SG,4.70%,8.75,10.00,6' 5.25'',6' 6.5'',8' 9'',210.2,6' 11.25''
Xavier Thames,PG,6.40%,8.25,9.00,6' 2.25'',6' 3.5'',8' 0'',187.0,6' 4''
Yante Maten,PF-C,8.10%,9.25,10.00,6' 7.25'',6' 8.5'',8' 11.5'',246.2,7' 0.5''
Yemi Nicholson,PF-C,17.20%,-,-,6' 7.75'',6' 9.5'',8' 11'',258.0,7' 4.25''
Yue Sun,SF,5.10%,-,-,6' 7.75'',6' 8.75'',8' 9'',212.0,6' 9''
Zabian Dowdell,PG,5.10%,-,-,6' 1'',6' 3'',8' 4'',191.0,6' 10''
Zach Collins,PF-C,8.90%,8.75,9.25,6' 10.25'',7' 0'',9' 3'',232.2,7' 1''
Zach LaVine,PG,4.70%,8.25,8.75,6' 4.5'',6' 5.75'',8' 4'',180.9,6' 8.25''
Zach Norvell Jr.,SG,7.50%,8.50,9.50,6' 4.5'',6' 5.5'',8' 5'',206.4,6' 6''
Zhaire Smith,SF-SG,6.05%,8.75,8.25,6' 2.75'',6' 4'',8' 4'',198.6,6' 9.75''
Zhou Qi,PF-C,4.85%,9.25,9.50,7' 1.25'',7' 2.25'',9' 4.5'',218.2,7' 7.75''
